objectid,id_no,sci_name,presence,origin,seasonal,compiler,yrcompiled,citation,subspecies,subpop,event_year,source,basisofrec,catalog_no,dist_comm,island,tax_comm,legend,kingdom,phylum,class,order_,family,genus,category,latitude,longitude
50362,135110,Syntripsa matannensis,1,1,1,Christoph Schubart,2018,IUCN, , ,1995,Chia & Ng (2006),HumanObservation,, ,,,Extant (resident),ANIMALIA,ARTHROPODA,MALACOSTRACA,DECAPODA,GECARCINUCIDAE,Syntripsa,EN,-2.533333,121.471667
50363,135110,Syntripsa matannensis,1,1,1,Christoph Schubart,2018,IUCN, , ,1999,Chia & Ng (2006),HumanObservation,, ,,,Extant (resident),ANIMALIA,ARTHROPODA,MALACOSTRACA,DECAPODA,GECARCINUCIDAE,Syntripsa,EN,-2.559433,121.419783
50364,135110,Syntripsa matannensis,1,1,1,Christoph Schubart,2018,IUCN, , ,1999,Chia & Ng (2006),HumanObservation,, ,,,Extant (resident),ANIMALIA,ARTHROPODA,MALACOSTRACA,DECAPODA,GECARCINUCIDAE,Syntripsa,EN,-2.524867,121.449933
50365,135110,Syntripsa matannensis,1,1,1,Christoph Schubart,2018,IUCN, , ,1999,Chia & Ng (2006),HumanObservation,, ,,,Extant (resident),ANIMALIA,ARTHROPODA,MALACOSTRACA,DECAPODA,GECARCINUCIDAE,Syntripsa,EN,-2.506667,121.332778
50366,135110,Syntripsa matannensis,1,1,1,Christoph Schubart,2018,IUCN, , ,1999,Chia & Ng (2006),HumanObservation,, ,,,Extant (resident),ANIMALIA,ARTHROPODA,MALACOSTRACA,DECAPODA,GECARCINUCIDAE,Syntripsa,EN,-2.4495,121.216667
50367,135110,Syntripsa matannensis,1,1,1,Christoph Schubart,2018,IUCN, , ,1999,Chia & Ng (2006),HumanObservation,, ,,,Extant (resident),ANIMALIA,ARTHROPODA,MALACOSTRACA,DECAPODA,GECARCINUCIDAE,Syntripsa,EN,-2.4335,121.217167
50368,135110,Syntripsa matannensis,1,1,1,Christoph Schubart,2018,IUCN, , ,2000,Chia & Ng (2006),HumanObservation,, ,,,Extant (resident),ANIMALIA,ARTHROPODA,MALACOSTRACA,DECAPODA,GECARCINUCIDAE,Syntripsa,EN,-2.461528,121.218417
110196,134323,Nautilothelphusa zimmeri,1,1,1,Christoph Schubart,2018,IUCN, , ,1988,Chia & Ng (2006),HumanObservation,, ,,,Extant (resident),ANIMALIA,ARTHROPODA,MALACOSTRACA,DECAPODA,GECARCINUCIDAE,Nautilothelphusa,EN,-2.669444,121.416667
110197,134323,Nautilothelphusa zimmeri,1,1,1,Christoph Schubart,2018,IUCN, , ,1999,Schubart et al. (2008),HumanObservation,, ,,,Extant (resident),ANIMALIA,ARTHROPODA,MALACOSTRACA,DECAPODA,GECARCINUCIDAE,Nautilothelphusa,EN,-2.862167,121.398333
110198,134323,Nautilothelphusa zimmeri,1,1,1,Christoph Schubart,2018,IUCN, , ,1999,Schubart et al. (2008),HumanObservation,, ,,,Extant (resident),ANIMALIA,ARTHROPODA,MALACOSTRACA,DECAPODA,GECARCINUCIDAE,Nautilothelphusa,EN,-2.856333,121.5455
110199,134323,Nautilothelphusa zimmeri,1,1,1,Christoph Schubart,2018,IUCN, , ,1999,Schubart et al. (2008),HumanObservation,, ,,,Extant (resident),ANIMALIA,ARTHROPODA,MALACOSTRACA,DECAPODA,GECARCINUCIDAE,Nautilothelphusa,EN,-2.77,121.5995
110200,134323,Nautilothelphusa zimmeri,1,1,1,Christoph Schubart,2018,IUCN, , ,1999,Schubart et al. (2008),HumanObservation,, ,,,Extant (resident),ANIMALIA,ARTHROPODA,MALACOSTRACA,DECAPODA,GECARCINUCIDAE,Nautilothelphusa,EN,-2.728333,121.439333
110201,134323,Nautilothelphusa zimmeri,1,1,1,Christoph Schubart,2018,IUCN, , ,1999,Schubart et al. (2008),HumanObservation,, ,,,Extant (resident),ANIMALIA,ARTHROPODA,MALACOSTRACA,DECAPODA,GECARCINUCIDAE,Nautilothelphusa,EN,-2.681667,121.69
110202,134323,Nautilothelphusa zimmeri,1,1,1,Christoph Schubart,2018,IUCN, , ,1999,Chia & Ng (2006),HumanObservation,, ,,,Extant (resident),ANIMALIA,ARTHROPODA,MALACOSTRACA,DECAPODA,GECARCINUCIDAE,Nautilothelphusa,EN,-2.610667,121.475667
110203,134323,Nautilothelphusa zimmeri,1,1,1,Christoph Schubart,2018,IUCN, , ,1999,Chia & Ng (2006),HumanObservation,, ,,,Extant (resident),ANIMALIA,ARTHROPODA,MALACOSTRACA,DECAPODA,GECARCINUCIDAE,Nautilothelphusa,EN,-2.599222,121.472
110204,134323,Nautilothelphusa zimmeri,1,1,1,Christoph Schubart,2018,IUCN, , ,1999,Chia & Ng (2006),HumanObservation,, ,,,Extant (resident),ANIMALIA,ARTHROPODA,MALACOSTRACA,DECAPODA,GECARCINUCIDAE,Nautilothelphusa,EN,-2.559433,121.419783
110205,134323,Nautilothelphusa zimmeri,1,1,1,Christoph Schubart,2018,IUCN, , ,1999,Chia & Ng (2006),HumanObservation,, ,,,Extant (resident),ANIMALIA,ARTHROPODA,MALACOSTRACA,DECAPODA,GECARCINUCIDAE,Nautilothelphusa,EN,-2.524867,121.449933
110206,134323,Nautilothelphusa zimmeri,1,1,1,Christoph Schubart,2018,IUCN, , ,1999,Chia & Ng (2006),HumanObservation,, ,,,Extant (resident),ANIMALIA,ARTHROPODA,MALACOSTRACA,DECAPODA,GECARCINUCIDAE,Nautilothelphusa,EN,-2.506667,121.332778
110207,134323,Nautilothelphusa zimmeri,1,1,1,Christoph Schubart,2018,IUCN, , ,2000,Chia & Ng (2006),HumanObservation,, ,,,Extant (resident),ANIMALIA,ARTHROPODA,MALACOSTRACA,DECAPODA,GECARCINUCIDAE,Nautilothelphusa,EN,-2.681528,121.43525
110208,134323,Nautilothelphusa zimmeri,1,1,1,Christoph Schubart,2018,IUCN, , ,2000,Schubart et al. (2008),HumanObservation,, ,,,Extant (resident),ANIMALIA,ARTHROPODA,MALACOSTRACA,DECAPODA,GECARCINUCIDAE,Nautilothelphusa,EN,-2.677139,121.440556
110209,134323,Nautilothelphusa zimmeri,1,1,1,Christoph Schubart,2018,IUCN, , ,2000,Chia & Ng (2006),HumanObservation,, ,,,Extant (resident),ANIMALIA,ARTHROPODA,MALACOSTRACA,DECAPODA,GECARCINUCIDAE,Nautilothelphusa,EN,-2.610633,121.530367
110210,134323,Nautilothelphusa zimmeri,1,1,1,Christoph Schubart,2018,IUCN, , ,2000,Chia & Ng (2006),HumanObservation,, ,,,Extant (resident),ANIMALIA,ARTHROPODA,MALACOSTRACA,DECAPODA,GECARCINUCIDAE,Nautilothelphusa,EN,-2.565083,121.495583
110211,134323,Nautilothelphusa zimmeri,1,1,1,Christoph Schubart,2018,IUCN, , ,2000,Chia & Ng (2006),HumanObservation,, ,,,Extant (resident),ANIMALIA,ARTHROPODA,MALACOSTRACA,DECAPODA,GECARCINUCIDAE,Nautilothelphusa,EN,-2.560222,121.429778
110212,134323,Nautilothelphusa zimmeri,1,1,1,Christoph Schubart,2018,IUCN, , ,2000,Chia & Ng (2006),HumanObservation,, ,,,Extant (resident),ANIMALIA,ARTHROPODA,MALACOSTRACA,DECAPODA,GECARCINUCIDAE,Nautilothelphusa,EN,-2.530194,121.45275
1441733,134415,Parathelphusa pantherina,1,1,1,Christoph Schubart,2018,IUCN, , ,1995,Chia & Ng (2006),HumanObservation,, ,,,Extant (resident),ANIMALIA,ARTHROPODA,MALACOSTRACA,DECAPODA,GECARCINUCIDAE,Parathelphusa,EN,-2.533333,121.471667
1441734,134415,Parathelphusa pantherina,1,1,1,Christoph Schubart,2018,IUCN, , ,1999,Chia & Ng (2006),HumanObservation,, ,,,Extant (resident),ANIMALIA,ARTHROPODA,MALACOSTRACA,DECAPODA,GECARCINUCIDAE,Parathelphusa,EN,-2.432278,121.238864
1441735,134415,Parathelphusa pantherina,1,1,1,Christoph Schubart,2018,IUCN, , ,1999,Chia & Ng (2006),HumanObservation,, ,,,Extant (resident),ANIMALIA,ARTHROPODA,MALACOSTRACA,DECAPODA,GECARCINUCIDAE,Parathelphusa,EN,-2.559433,121.419783
1441736,134415,Parathelphusa pantherina,1,1,1,Christoph Schubart,2018,IUCN, , ,1999,Chia & Ng (2006),HumanObservation,, ,,,Extant (resident),ANIMALIA,ARTHROPODA,MALACOSTRACA,DECAPODA,GECARCINUCIDAE,Parathelphusa,EN,-2.524867,121.449933
1441737,134415,Parathelphusa pantherina,1,1,1,Christoph Schubart,2018,IUCN, , ,1999,Chia & Ng (2006),HumanObservation,, ,,,Extant (resident),ANIMALIA,ARTHROPODA,MALACOSTRACA,DECAPODA,GECARCINUCIDAE,Parathelphusa,EN,-2.506667,121.332778
1441738,134415,Parathelphusa pantherina,1,1,1,Christoph Schubart,2018,IUCN, , ,1999,Chia & Ng (2006),HumanObservation,, ,,,Extant (resident),ANIMALIA,ARTHROPODA,MALACOSTRACA,DECAPODA,GECARCINUCIDAE,Parathelphusa,EN,-2.493906,121.308464
1441739,134415,Parathelphusa pantherina,1,1,1,Christoph Schubart,2018,IUCN, , ,1999,Chia & Ng (2006),HumanObservation,, ,,,Extant (resident),ANIMALIA,ARTHROPODA,MALACOSTRACA,DECAPODA,GECARCINUCIDAE,Parathelphusa,EN,-2.473889,121.263333
1441740,134415,Parathelphusa pantherina,1,1,1,Christoph Schubart,2018,IUCN, , ,2000,Chia & Ng (2006),HumanObservation,, ,,,Extant (resident),ANIMALIA,ARTHROPODA,MALACOSTRACA,DECAPODA,GECARCINUCIDAE,Parathelphusa,EN,-2.461528,121.218417
1441741,134415,Parathelphusa pantherina,1,1,1,Christoph Schubart,2018,IUCN, , ,2000,Chia & Ng (2006),HumanObservation,, ,,,Extant (resident),ANIMALIA,ARTHROPODA,MALACOSTRACA,DECAPODA,GECARCINUCIDAE,Parathelphusa,EN,-2.522628,121.342614
1441742,134415,Parathelphusa pantherina,1,1,1,Christoph Schubart,2018,IUCN, , ,2000,Chia & Ng (2006),HumanObservation,, ,,,Extant (resident),ANIMALIA,ARTHROPODA,MALACOSTRACA,DECAPODA,GECARCINUCIDAE,Parathelphusa,EN,-2.480556,121.286667
1737700,114996988,Potamonautes bellarussus,1,1,1,Neil Cumberlidge,2017,IUCN Freshwater Biodiversity Unit, , ,2011,,,,,,,Extant (resident),ANIMALIA,ARTHROPODA,MALACOSTRACA,DECAPODA,POTAMONAUTIDAE,Potamonautes,LC,-9.39538889,33.82736111
1737701,114996988,Potamonautes bellarussus,1,1,1,Neil Cumberlidge,2017,IUCN Freshwater Biodiversity Unit, , ,2012,,,,,,,Extant (resident),ANIMALIA,ARTHROPODA,MALACOSTRACA,DECAPODA,POTAMONAUTIDAE,Potamonautes,LC,-12.46,36.545
1737702,114996988,Potamonautes bellarussus,1,1,1,Neil Cumberlidge,2017,IUCN Freshwater Biodiversity Unit, , ,2012,,,,,,,Extant (resident),ANIMALIA,ARTHROPODA,MALACOSTRACA,DECAPODA,POTAMONAUTIDAE,Potamonautes,LC,-12.7275,37.646944
1737703,114996988,Potamonautes bellarussus,1,1,1,Neil Cumberlidge,2017,IUCN Freshwater Biodiversity Unit, , ,2012,,,,,,,Extant (resident),ANIMALIA,ARTHROPODA,MALACOSTRACA,DECAPODA,POTAMONAUTIDAE,Potamonautes,LC,-10.70166667,35.39583333
1737704,114996988,Potamonautes bellarussus,1,1,1,Neil Cumberlidge,2017,IUCN Freshwater Biodiversity Unit, , ,2012,,,,,,,Extant (resident),ANIMALIA,ARTHROPODA,MALACOSTRACA,DECAPODA,POTAMONAUTIDAE,Potamonautes,LC,-10.50222222,35.67111111
1737705,114996988,Potamonautes bellarussus,1,1,1,Neil Cumberlidge,2017,IUCN Freshwater Biodiversity Unit, , ,2012,,,,,,,Extant (resident),ANIMALIA,ARTHROPODA,MALACOSTRACA,DECAPODA,POTAMONAUTIDAE,Potamonautes,LC,-8.76938889,34.37483333
2744718,134942,Syntripsa flavichela,1,1,1,Christoph Schubart,2018,IUCN, , ,1988,Chia & Ng (2006),HumanObservation,, ,,,Extant (resident),ANIMALIA,ARTHROPODA,MALACOSTRACA,DECAPODA,GECARCINUCIDAE,Syntripsa,EN,-2.681528,121.43525
2744719,134942,Syntripsa flavichela,1,1,1,Christoph Schubart,2018,IUCN, , ,1989,Chia & Ng (2006),HumanObservation,, ,,,Extant (resident),ANIMALIA,ARTHROPODA,MALACOSTRACA,DECAPODA,GECARCINUCIDAE,Syntripsa,EN,-2.658333,121.5
2744720,134942,Syntripsa flavichela,1,1,1,Christoph Schubart,2018,IUCN, , ,1995,Chia & Ng (2006),HumanObservation,, ,,,Extant (resident),ANIMALIA,ARTHROPODA,MALACOSTRACA,DECAPODA,GECARCINUCIDAE,Syntripsa,EN,-2.805,121.4
2744721,134942,Syntripsa flavichela,1,1,1,Christoph Schubart,2018,IUCN, , ,1999,Chia & Ng (2006),HumanObservation,, ,,,Extant (resident),ANIMALIA,ARTHROPODA,MALACOSTRACA,DECAPODA,GECARCINUCIDAE,Syntripsa,EN,-2.610667,121.475667
2744722,134942,Syntripsa flavichela,1,1,1,Christoph Schubart,2018,IUCN, , ,1999,Schubart et al. (2008),HumanObservation,, ,,,Extant (resident),ANIMALIA,ARTHROPODA,MALACOSTRACA,DECAPODA,GECARCINUCIDAE,Syntripsa,EN,-2.680333,121.69
2744723,134942,Syntripsa flavichela,1,1,1,Christoph Schubart,2018,IUCN, , ,1999,Chia & Ng (2006),HumanObservation,, ,,,Extant (resident),ANIMALIA,ARTHROPODA,MALACOSTRACA,DECAPODA,GECARCINUCIDAE,Syntripsa,EN,-2.626111,121.532778
2744724,134942,Syntripsa flavichela,1,1,1,Christoph Schubart,2018,IUCN, , ,1999,Chia & Ng (2006),HumanObservation,, ,,,Extant (resident),ANIMALIA,ARTHROPODA,MALACOSTRACA,DECAPODA,GECARCINUCIDAE,Syntripsa,EN,-2.616111,121.5
2744725,134942,Syntripsa flavichela,1,1,1,Christoph Schubart,2018,IUCN, , ,2000,Chia & Ng (2006),HumanObservation,, ,,,Extant (resident),ANIMALIA,ARTHROPODA,MALACOSTRACA,DECAPODA,GECARCINUCIDAE,Syntripsa,EN,-2.710472,121.440556
2744726,134942,Syntripsa flavichela,1,1,1,Christoph Schubart,2018,IUCN, , ,2000,Chia & Ng (2006),HumanObservation,, ,,,Extant (resident),ANIMALIA,ARTHROPODA,MALACOSTRACA,DECAPODA,GECARCINUCIDAE,Syntripsa,EN,-2.648472,121.531667
2744727,134942,Syntripsa flavichela,1,1,1,Christoph Schubart,2018,IUCN, , ,2000,Chia & Ng (2006),HumanObservation,, ,,,Extant (resident),ANIMALIA,ARTHROPODA,MALACOSTRACA,DECAPODA,GECARCINUCIDAE,Syntripsa,EN,-2.615833,121.518333
2744728,134942,Syntripsa flavichela,1,1,1,Christoph Schubart,2018,IUCN, , ,2000,Chia & Ng (2006),HumanObservation,, ,,,Extant (resident),ANIMALIA,ARTHROPODA,MALACOSTRACA,DECAPODA,GECARCINUCIDAE,Syntripsa,EN,-2.578889,121.485
2744729,134942,Syntripsa flavichela,1,1,1,Christoph Schubart,2018,IUCN, , ,2000,Chia & Ng (2006),HumanObservation,, ,,,Extant (resident),ANIMALIA,ARTHROPODA,MALACOSTRACA,DECAPODA,GECARCINUCIDAE,Syntripsa,EN,-2.565083,121.495583
2756179,70869828,Potamonautes mulanjeensis,1,1,1,Neil Cumberlidge,2017,IUCN Freshwater Biodiversity Unit, , ,2009,,,,,,,Extant (resident),ANIMALIA,ARTHROPODA,MALACOSTRACA,DECAPODA,POTAMONAUTIDAE,Potamonautes,DD,-15.978,35.722
2756180,70869828,Potamonautes mulanjeensis,1,1,1,Neil Cumberlidge,2017,IUCN Freshwater Biodiversity Unit, , ,2009,,,,,,,Extant (resident),ANIMALIA,ARTHROPODA,MALACOSTRACA,DECAPODA,POTAMONAUTIDAE,Potamonautes,DD,-15.97369,35.55133
2756181,70869828,Potamonautes mulanjeensis,1,1,1,Neil Cumberlidge,2017,IUCN Freshwater Biodiversity Unit, , ,2009,,,,,,,Extant (resident),ANIMALIA,ARTHROPODA,MALACOSTRACA,DECAPODA,POTAMONAUTIDAE,Potamonautes,DD,-15.96,35.618
3100939,44202,Potamonautes obesus,1,1,1,Neil Cumberlidge,2017,IUCN Freshwater Biodiversity Unit, , ,1868,,,,,,,Extant (resident),ANIMALIA,ARTHROPODA,MALACOSTRACA,DECAPODA,POTAMONAUTIDAE,Potamonautes,LC,-6.143375,39.353222
3100940,44202,Potamonautes obesus,1,1,1,Neil Cumberlidge,2017,IUCN Freshwater Biodiversity Unit, , ,1868,,,,,,,Extant (resident),ANIMALIA,ARTHROPODA,MALACOSTRACA,DECAPODA,POTAMONAUTIDAE,Potamonautes,LC,-6.12,37.57
3100941,44202,Potamonautes obesus,1,1,1,Neil Cumberlidge,2017,IUCN Freshwater Biodiversity Unit, , ,1890,,,,,,,Extant (resident),ANIMALIA,ARTHROPODA,MALACOSTRACA,DECAPODA,POTAMONAUTIDAE,Potamonautes,LC,-3.3833333,38.5666667
3100942,44202,Potamonautes obesus,1,1,1,Neil Cumberlidge,2017,IUCN Freshwater Biodiversity Unit, , ,1890,,,,,,,Extant (resident),ANIMALIA,ARTHROPODA,MALACOSTRACA,DECAPODA,POTAMONAUTIDAE,Potamonautes,LC,-3.38,38.57
3100943,44202,Potamonautes obesus,1,1,1,Neil Cumberlidge,2017,IUCN Freshwater Biodiversity Unit, , ,1893,,,,,,,Extant (resident),ANIMALIA,ARTHROPODA,MALACOSTRACA,DECAPODA,POTAMONAUTIDAE,Potamonautes,LC,-2.5052778,40.4825
3100944,44202,Potamonautes obesus,1,1,1,Neil Cumberlidge,2017,IUCN Freshwater Biodiversity Unit, , ,1899,,,,,,,Extant (resident),ANIMALIA,ARTHROPODA,MALACOSTRACA,DECAPODA,POTAMONAUTIDAE,Potamonautes,LC,-7.303,36.695
3100945,44202,Potamonautes obesus,1,1,1,Neil Cumberlidge,2017,IUCN Freshwater Biodiversity Unit, , ,1908,,,,,,,Extant (resident),ANIMALIA,ARTHROPODA,MALACOSTRACA,DECAPODA,POTAMONAUTIDAE,Potamonautes,LC,-14.486173,35.253304
3100946,44202,Potamonautes obesus,1,1,1,Neil Cumberlidge,2017,IUCN Freshwater Biodiversity Unit, , ,1920,,,,,,,Extant (resident),ANIMALIA,ARTHROPODA,MALACOSTRACA,DECAPODA,POTAMONAUTIDAE,Potamonautes,LC,1.8,44.9166667
3100947,44202,Potamonautes obesus,1,1,1,Neil Cumberlidge,2017,IUCN Freshwater Biodiversity Unit, , ,1922,,,,,,,Extant (resident),ANIMALIA,ARTHROPODA,MALACOSTRACA,DECAPODA,POTAMONAUTIDAE,Potamonautes,LC,-4.9281,38.9042
3100948,44202,Potamonautes obesus,1,1,1,Neil Cumberlidge,2017,IUCN Freshwater Biodiversity Unit, , ,1925,,,,,,,Extant (resident),ANIMALIA,ARTHROPODA,MALACOSTRACA,DECAPODA,POTAMONAUTIDAE,Potamonautes,LC,-14.46667,35.26667
3100949,44202,Potamonautes obesus,1,1,1,Neil Cumberlidge,2017,IUCN Freshwater Biodiversity Unit, , ,1925,,,,,,,Extant (resident),ANIMALIA,ARTHROPODA,MALACOSTRACA,DECAPODA,POTAMONAUTIDAE,Potamonautes,LC,-9.225837,32.704774
3100950,44202,Potamonautes obesus,1,1,1,Neil Cumberlidge,2017,IUCN Freshwater Biodiversity Unit, , ,1926,,,,,,,Extant (resident),ANIMALIA,ARTHROPODA,MALACOSTRACA,DECAPODA,POTAMONAUTIDAE,Potamonautes,LC,-9.9525,33.9248
3100951,44202,Potamonautes obesus,1,1,1,Neil Cumberlidge,2017,IUCN Freshwater Biodiversity Unit, , ,1929,,,,,,,Extant (resident),ANIMALIA,ARTHROPODA,MALACOSTRACA,DECAPODA,POTAMONAUTIDAE,Potamonautes,LC,-19.797014,34.885512
3100952,44202,Potamonautes obesus,1,1,1,Neil Cumberlidge,2017,IUCN Freshwater Biodiversity Unit, , ,1929,,,,,,,Extant (resident),ANIMALIA,ARTHROPODA,MALACOSTRACA,DECAPODA,POTAMONAUTIDAE,Potamonautes,LC,-19.1044,33.8132
3100953,44202,Potamonautes obesus,1,1,1,Neil Cumberlidge,2017,IUCN Freshwater Biodiversity Unit, , ,1929,,,,,,,Extant (resident),ANIMALIA,ARTHROPODA,MALACOSTRACA,DECAPODA,POTAMONAUTIDAE,Potamonautes,LC,-18.290833,35.945278
3100954,44202,Potamonautes obesus,1,1,1,Neil Cumberlidge,2017,IUCN Freshwater Biodiversity Unit, , ,1929,,,,,,,Extant (resident),ANIMALIA,ARTHROPODA,MALACOSTRACA,DECAPODA,POTAMONAUTIDAE,Potamonautes,LC,-17.3197221,35.1547222
3100955,44202,Potamonautes obesus,1,1,1,Neil Cumberlidge,2017,IUCN Freshwater Biodiversity Unit, , ,1929,,,,,,,Extant (resident),ANIMALIA,ARTHROPODA,MALACOSTRACA,DECAPODA,POTAMONAUTIDAE,Potamonautes,LC,-17.216667,31.716667
3100956,44202,Potamonautes obesus,1,1,1,Neil Cumberlidge,2017,IUCN Freshwater Biodiversity Unit, , ,1929,,,,,,,Extant (resident),ANIMALIA,ARTHROPODA,MALACOSTRACA,DECAPODA,POTAMONAUTIDAE,Potamonautes,LC,-15.98805556,35.34666667
3100957,44202,Potamonautes obesus,1,1,1,Neil Cumberlidge,2017,IUCN Freshwater Biodiversity Unit, , ,1934,,,,,,,Extant (resident),ANIMALIA,ARTHROPODA,MALACOSTRACA,DECAPODA,POTAMONAUTIDAE,Potamonautes,LC,-9.225837,32.704774
3100958,44202,Potamonautes obesus,1,1,1,Neil Cumberlidge,2017,IUCN Freshwater Biodiversity Unit, , ,1934,,,,,,,Extant (resident),ANIMALIA,ARTHROPODA,MALACOSTRACA,DECAPODA,POTAMONAUTIDAE,Potamonautes,LC,-3.05,36.45
3100959,44202,Potamonautes obesus,1,1,1,Neil Cumberlidge,2017,IUCN Freshwater Biodiversity Unit, , ,1934,,,,,,,Extant (resident),ANIMALIA,ARTHROPODA,MALACOSTRACA,DECAPODA,POTAMONAUTIDAE,Potamonautes,LC,-2.53,40.52
3100960,44202,Potamonautes obesus,1,1,1,Neil Cumberlidge,2017,IUCN Freshwater Biodiversity Unit, , ,1934,,,,,,,Extant (resident),ANIMALIA,ARTHROPODA,MALACOSTRACA,DECAPODA,POTAMONAUTIDAE,Potamonautes,LC,-1.6833333,37.9166667
3100961,44202,Potamonautes obesus,1,1,1,Neil Cumberlidge,2017,IUCN Freshwater Biodiversity Unit, , ,1934,,,,,,,Extant (resident),ANIMALIA,ARTHROPODA,MALACOSTRACA,DECAPODA,POTAMONAUTIDAE,Potamonautes,LC,-1.23,41.53
3100962,44202,Potamonautes obesus,1,1,1,Neil Cumberlidge,2017,IUCN Freshwater Biodiversity Unit, , ,1951,,,,,,,Extant (resident),ANIMALIA,ARTHROPODA,MALACOSTRACA,DECAPODA,POTAMONAUTIDAE,Potamonautes,LC,-5.299215,39.669388
3100963,44202,Potamonautes obesus,1,1,1,Neil Cumberlidge,2017,IUCN Freshwater Biodiversity Unit, , ,1956,,,,,,,Extant (resident),ANIMALIA,ARTHROPODA,MALACOSTRACA,DECAPODA,POTAMONAUTIDAE,Potamonautes,LC,-15.310502,35.39418
3100964,44202,Potamonautes obesus,1,1,1,Neil Cumberlidge,2017,IUCN Freshwater Biodiversity Unit, , ,1962,,,,,,,Extant (resident),ANIMALIA,ARTHROPODA,MALACOSTRACA,DECAPODA,POTAMONAUTIDAE,Potamonautes,LC,-5.43,38.02
3100965,44202,Potamonautes obesus,1,1,1,Neil Cumberlidge,2017,IUCN Freshwater Biodiversity Unit, , ,1962,,,,,,,Extant (resident),ANIMALIA,ARTHROPODA,MALACOSTRACA,DECAPODA,POTAMONAUTIDAE,Potamonautes,LC,-5.3,37.52
3100966,44202,Potamonautes obesus,1,1,1,Neil Cumberlidge,2017,IUCN Freshwater Biodiversity Unit, , ,1962,,,,,,,Extant (resident),ANIMALIA,ARTHROPODA,MALACOSTRACA,DECAPODA,POTAMONAUTIDAE,Potamonautes,LC,-5.295342,38.607092
3100967,44202,Potamonautes obesus,1,1,1,Neil Cumberlidge,2017,IUCN Freshwater Biodiversity Unit, , ,1962,,,,,,,Extant (resident),ANIMALIA,ARTHROPODA,MALACOSTRACA,DECAPODA,POTAMONAUTIDAE,Potamonautes,LC,-5.17,38.78
3100968,44202,Potamonautes obesus,1,1,1,Neil Cumberlidge,2017,IUCN Freshwater Biodiversity Unit, , ,1962,,,,,,,Extant (resident),ANIMALIA,ARTHROPODA,MALACOSTRACA,DECAPODA,POTAMONAUTIDAE,Potamonautes,LC,-4.75,38.5
3100969,44202,Potamonautes obesus,1,1,1,Neil Cumberlidge,2017,IUCN Freshwater Biodiversity Unit, , ,1967,,,,,,,Extant (resident),ANIMALIA,ARTHROPODA,MALACOSTRACA,DECAPODA,POTAMONAUTIDAE,Potamonautes,LC,-6.8,39.05
3100970,44202,Potamonautes obesus,1,1,1,Neil Cumberlidge,2017,IUCN Freshwater Biodiversity Unit, , ,1968,,,,,,,Extant (resident),ANIMALIA,ARTHROPODA,MALACOSTRACA,DECAPODA,POTAMONAUTIDAE,Potamonautes,LC,-6.17,39.33
3100971,44202,Potamonautes obesus,1,1,1,Neil Cumberlidge,2017,IUCN Freshwater Biodiversity Unit, , ,1968,,,,,,,Extant (resident),ANIMALIA,ARTHROPODA,MALACOSTRACA,DECAPODA,POTAMONAUTIDAE,Potamonautes,LC,-6.1666667,39.3333333
3100972,44202,Potamonautes obesus,1,1,1,Neil Cumberlidge,2017,IUCN Freshwater Biodiversity Unit, , ,1968,,,,,,,Extant (resident),ANIMALIA,ARTHROPODA,MALACOSTRACA,DECAPODA,POTAMONAUTIDAE,Potamonautes,LC,-5.18,38.4
3100973,44202,Potamonautes obesus,1,1,1,Neil Cumberlidge,2017,IUCN Freshwater Biodiversity Unit, , ,1969,,,,,,,Extant (resident),ANIMALIA,ARTHROPODA,MALACOSTRACA,DECAPODA,POTAMONAUTIDAE,Potamonautes,LC,-15.310502,35.39418
3100974,44202,Potamonautes obesus,1,1,1,Neil Cumberlidge,2017,IUCN Freshwater Biodiversity Unit, , ,1970,,,,,,,Extant (resident),ANIMALIA,ARTHROPODA,MALACOSTRACA,DECAPODA,POTAMONAUTIDAE,Potamonautes,LC,-4.75,38.5
3100975,44202,Potamonautes obesus,1,1,1,Neil Cumberlidge,2017,IUCN Freshwater Biodiversity Unit, , ,1970,,,,,,,Extant (resident),ANIMALIA,ARTHROPODA,MALACOSTRACA,DECAPODA,POTAMONAUTIDAE,Potamonautes,LC,-4.47,38.07
3100976,44202,Potamonautes obesus,1,1,1,Neil Cumberlidge,2017,IUCN Freshwater Biodiversity Unit, , ,1970,,,,,,,Extant (resident),ANIMALIA,ARTHROPODA,MALACOSTRACA,DECAPODA,POTAMONAUTIDAE,Potamonautes,LC,0.52,42.07
3100977,44202,Potamonautes obesus,1,1,1,Neil Cumberlidge,2017,IUCN Freshwater Biodiversity Unit, , ,1970,,,,,,,Extant (resident),ANIMALIA,ARTHROPODA,MALACOSTRACA,DECAPODA,POTAMONAUTIDAE,Potamonautes,LC,0.67,39.58
3100978,44202,Potamonautes obesus,1,1,1,Neil Cumberlidge,2017,IUCN Freshwater Biodiversity Unit, , ,1970,,,,,,,Extant (resident),ANIMALIA,ARTHROPODA,MALACOSTRACA,DECAPODA,POTAMONAUTIDAE,Potamonautes,LC,1.67,43.47
3100979,44202,Potamonautes obesus,1,1,1,Neil Cumberlidge,2017,IUCN Freshwater Biodiversity Unit, , ,1971,,,,,,,Extant (resident),ANIMALIA,ARTHROPODA,MALACOSTRACA,DECAPODA,POTAMONAUTIDAE,Potamonautes,LC,-10.7431,38.7819
3100980,44202,Potamonautes obesus,1,1,1,Neil Cumberlidge,2017,IUCN Freshwater Biodiversity Unit, , ,1972,,,,,,,Extant (resident),ANIMALIA,ARTHROPODA,MALACOSTRACA,DECAPODA,POTAMONAUTIDAE,Potamonautes,LC,-14.05,34.92
3100981,44202,Potamonautes obesus,1,1,1,Neil Cumberlidge,2017,IUCN Freshwater Biodiversity Unit, , ,1977,,,,,,,Extant (resident),ANIMALIA,ARTHROPODA,MALACOSTRACA,DECAPODA,POTAMONAUTIDAE,Potamonautes,LC,1.9833333,43.1333333
3100982,44202,Potamonautes obesus,1,1,1,Neil Cumberlidge,2017,IUCN Freshwater Biodiversity Unit, , ,1977,,,,,,,Extant (resident),ANIMALIA,ARTHROPODA,MALACOSTRACA,DECAPODA,POTAMONAUTIDAE,Potamonautes,LC,2.14,42.07
3100983,44202,Potamonautes obesus,1,1,1,Neil Cumberlidge,2017,IUCN Freshwater Biodiversity Unit, , ,1977,,,,,,,Extant (resident),ANIMALIA,ARTHROPODA,MALACOSTRACA,DECAPODA,POTAMONAUTIDAE,Potamonautes,LC,2.77,45.52
3100984,44202,Potamonautes obesus,1,1,1,Neil Cumberlidge,2017,IUCN Freshwater Biodiversity Unit, , ,1977,,,,,,,Extant (resident),ANIMALIA,ARTHROPODA,MALACOSTRACA,DECAPODA,POTAMONAUTIDAE,Potamonautes,LC,2.7833333,44.0833333
3100985,44202,Potamonautes obesus,1,1,1,Neil Cumberlidge,2017,IUCN Freshwater Biodiversity Unit, , ,1977,,,,,,,Extant (resident),ANIMALIA,ARTHROPODA,MALACOSTRACA,DECAPODA,POTAMONAUTIDAE,Potamonautes,LC,2.88,43.47
3100986,44202,Potamonautes obesus,1,1,1,Neil Cumberlidge,2017,IUCN Freshwater Biodiversity Unit, , ,1977,,,,,,,Extant (resident),ANIMALIA,ARTHROPODA,MALACOSTRACA,DECAPODA,POTAMONAUTIDAE,Potamonautes,LC,3.12,43.65
3100987,44202,Potamonautes obesus,1,1,1,Neil Cumberlidge,2017,IUCN Freshwater Biodiversity Unit, , ,1987,,,,,,,Extant (resident),ANIMALIA,ARTHROPODA,MALACOSTRACA,DECAPODA,POTAMONAUTIDAE,Potamonautes,LC,-0.73,42.53
3100988,44202,Potamonautes obesus,1,1,1,Neil Cumberlidge,2017,IUCN Freshwater Biodiversity Unit, , ,1989,,,,,,,Extant (resident),ANIMALIA,ARTHROPODA,MALACOSTRACA,DECAPODA,POTAMONAUTIDAE,Potamonautes,LC,-9.3833333,38.8
3100989,44202,Potamonautes obesus,1,1,1,Neil Cumberlidge,2017,IUCN Freshwater Biodiversity Unit, , ,1990,,,,,,,Extant (resident),ANIMALIA,ARTHROPODA,MALACOSTRACA,DECAPODA,POTAMONAUTIDAE,Potamonautes,LC,-8.33,38.91
3100990,44202,Potamonautes obesus,1,1,1,Neil Cumberlidge,2017,IUCN Freshwater Biodiversity Unit, , ,1990,,,,,,,Extant (resident),ANIMALIA,ARTHROPODA,MALACOSTRACA,DECAPODA,POTAMONAUTIDAE,Potamonautes,LC,-6.33,38.5
3100991,44202,Potamonautes obesus,1,1,1,Neil Cumberlidge,2017,IUCN Freshwater Biodiversity Unit, , ,1990,,,,,,,Extant (resident),ANIMALIA,ARTHROPODA,MALACOSTRACA,DECAPODA,POTAMONAUTIDAE,Potamonautes,LC,-6.28,36.75
3100992,44202,Potamonautes obesus,1,1,1,Neil Cumberlidge,2017,IUCN Freshwater Biodiversity Unit, , ,1990,,,,,,,Extant (resident),ANIMALIA,ARTHROPODA,MALACOSTRACA,DECAPODA,POTAMONAUTIDAE,Potamonautes,LC,-6.2,39.22
3100993,44202,Potamonautes obesus,1,1,1,Neil Cumberlidge,2017,IUCN Freshwater Biodiversity Unit, , ,1990,,,,,,,Extant (resident),ANIMALIA,ARTHROPODA,MALACOSTRACA,DECAPODA,POTAMONAUTIDAE,Potamonautes,LC,-6.03,38.48
3100994,44202,Potamonautes obesus,1,1,1,Neil Cumberlidge,2017,IUCN Freshwater Biodiversity Unit, , ,1991,,,,,,,Extant (resident),ANIMALIA,ARTHROPODA,MALACOSTRACA,DECAPODA,POTAMONAUTIDAE,Potamonautes,LC,-6.95,39.05
3100995,44202,Potamonautes obesus,1,1,1,Neil Cumberlidge,2017,IUCN Freshwater Biodiversity Unit, , ,1991,,,,,,,Extant (resident),ANIMALIA,ARTHROPODA,MALACOSTRACA,DECAPODA,POTAMONAUTIDAE,Potamonautes,LC,-6.8,39.05
3100996,44202,Potamonautes obesus,1,1,1,Neil Cumberlidge,2017,IUCN Freshwater Biodiversity Unit, , ,1962,,,,,,,Extant (resident),ANIMALIA,ARTHROPODA,MALACOSTRACA,DECAPODA,POTAMONAUTIDAE,Potamonautes,LC,-5.57,38.65
3100997,44202,Potamonautes obesus,1,1,1,Neil Cumberlidge,2017,IUCN Freshwater Biodiversity Unit, , ,2001,,,,,,,Extant (resident),ANIMALIA,ARTHROPODA,MALACOSTRACA,DECAPODA,POTAMONAUTIDAE,Potamonautes,LC,-5.5666667,38.65
3100998,44202,Potamonautes obesus,1,1,1,Neil Cumberlidge,2017,IUCN Freshwater Biodiversity Unit, , ,2006,,,,,,,Extant (resident),ANIMALIA,ARTHROPODA,MALACOSTRACA,DECAPODA,POTAMONAUTIDAE,Potamonautes,LC,-15.310502,35.39418
3100999,44202,Potamonautes obesus,1,1,1,Neil Cumberlidge,2017,IUCN Freshwater Biodiversity Unit, , ,2009,,,,,,,Extant (resident),ANIMALIA,ARTHROPODA,MALACOSTRACA,DECAPODA,POTAMONAUTIDAE,Potamonautes,LC,-15.98805556,35.34666667
3101000,44202,Potamonautes obesus,1,1,1,Neil Cumberlidge,2017,IUCN Freshwater Biodiversity Unit, , ,1992,,,,,,,Extant (resident),ANIMALIA,ARTHROPODA,MALACOSTRACA,DECAPODA,POTAMONAUTIDAE,Potamonautes,LC,-8.42,39.02
3101001,44202,Potamonautes obesus,1,1,1,Neil Cumberlidge,2017,IUCN Freshwater Biodiversity Unit, , ,1992,,,,,,,Extant (resident),ANIMALIA,ARTHROPODA,MALACOSTRACA,DECAPODA,POTAMONAUTIDAE,Potamonautes,LC,-5.3,38.73
3101002,44202,Potamonautes obesus,1,1,1,Neil Cumberlidge,2017,IUCN Freshwater Biodiversity Unit, , ,1992,,,,,,,Extant (resident),ANIMALIA,ARTHROPODA,MALACOSTRACA,DECAPODA,POTAMONAUTIDAE,Potamonautes,LC,-5.295342,38.607092
3101003,44202,Potamonautes obesus,1,1,1,Neil Cumberlidge,2017,IUCN Freshwater Biodiversity Unit, , ,1992,,,,,,,Extant (resident),ANIMALIA,ARTHROPODA,MALACOSTRACA,DECAPODA,POTAMONAUTIDAE,Potamonautes,LC,-5.125,39.794
3101004,44202,Potamonautes obesus,1,1,1,Neil Cumberlidge,2017,IUCN Freshwater Biodiversity Unit, , ,2011,,,,,,,Extant (resident),ANIMALIA,ARTHROPODA,MALACOSTRACA,DECAPODA,POTAMONAUTIDAE,Potamonautes,LC,-15.02063889,35.10230556
3101005,44202,Potamonautes obesus,1,1,1,Neil Cumberlidge,2017,IUCN Freshwater Biodiversity Unit, , ,2011,,,,,,,Extant (resident),ANIMALIA,ARTHROPODA,MALACOSTRACA,DECAPODA,POTAMONAUTIDAE,Potamonautes,LC,-15.02055556,35.10222222
3101006,44202,Potamonautes obesus,1,1,1,Neil Cumberlidge,2017,IUCN Freshwater Biodiversity Unit, , ,2015,,,,,,,Extant (resident),ANIMALIA,ARTHROPODA,MALACOSTRACA,DECAPODA,POTAMONAUTIDAE,Potamonautes,LC,-18.834,34.538
3116254,70870146,Potamonautes namuliensis,1,1,1,Neil Cumberlidge,2017,IUCN Freshwater Biodiversity Unit, , ,2008,,,,,,,Extant (resident),ANIMALIA,ARTHROPODA,MALACOSTRACA,DECAPODA,POTAMONAUTIDAE,Potamonautes,DD,-15.358333,37.06111111
3166831,44551,Potamonautes montivagus,1,1,1,Neil Cumberlidge,2017,IUCN Freshwater Biodiversity Unit, , ,1894,,,,,,,Extant (resident),ANIMALIA,ARTHROPODA,MALACOSTRACA,DECAPODA,POTAMONAUTIDAE,Potamonautes,LC,-15.393167,36.343
3166832,44551,Potamonautes montivagus,1,1,1,Neil Cumberlidge,2017,IUCN Freshwater Biodiversity Unit, , ,1929,,,,,,,Extant (resident),ANIMALIA,ARTHROPODA,MALACOSTRACA,DECAPODA,POTAMONAUTIDAE,Potamonautes,LC,-19.1044,33.8132
3166833,44551,Potamonautes montivagus,1,1,1,Neil Cumberlidge,2017,IUCN Freshwater Biodiversity Unit, , ,1938,,,,,,,Extant (resident),ANIMALIA,ARTHROPODA,MALACOSTRACA,DECAPODA,POTAMONAUTIDAE,Potamonautes,LC,-16.033333,35.033333
3166834,44551,Potamonautes montivagus,1,1,1,Neil Cumberlidge,2017,IUCN Freshwater Biodiversity Unit, , ,1938,,,,,,,Extant (resident),ANIMALIA,ARTHROPODA,MALACOSTRACA,DECAPODA,POTAMONAUTIDAE,Potamonautes,LC,-15.393167,36.343
3166835,44551,Potamonautes montivagus,1,1,1,Neil Cumberlidge,2017,IUCN Freshwater Biodiversity Unit, , ,1953,,,,,,,Extant (resident),ANIMALIA,ARTHROPODA,MALACOSTRACA,DECAPODA,POTAMONAUTIDAE,Potamonautes,LC,-16.033,35.5
3166836,44551,Potamonautes montivagus,1,1,1,Neil Cumberlidge,2017,IUCN Freshwater Biodiversity Unit, , ,1956,,,,,,,Extant (resident),ANIMALIA,ARTHROPODA,MALACOSTRACA,DECAPODA,POTAMONAUTIDAE,Potamonautes,LC,-16.033333,35.5
3166837,44551,Potamonautes montivagus,1,1,1,Neil Cumberlidge,2017,IUCN Freshwater Biodiversity Unit, , ,1956,,,,,,,Extant (resident),ANIMALIA,ARTHROPODA,MALACOSTRACA,DECAPODA,POTAMONAUTIDAE,Potamonautes,LC,-14.129819,34.089828
3166838,44551,Potamonautes montivagus,1,1,1,Neil Cumberlidge,2017,IUCN Freshwater Biodiversity Unit, , ,1956,,,,,,,Extant (resident),ANIMALIA,ARTHROPODA,MALACOSTRACA,DECAPODA,POTAMONAUTIDAE,Potamonautes,LC,-11.65,34.2333
3166839,44551,Potamonautes montivagus,1,1,1,Neil Cumberlidge,2017,IUCN Freshwater Biodiversity Unit, , ,1960,,,,,,,Extant (resident),ANIMALIA,ARTHROPODA,MALACOSTRACA,DECAPODA,POTAMONAUTIDAE,Potamonautes,LC,-15.4667,35.2833
3166840,44551,Potamonautes montivagus,1,1,1,Neil Cumberlidge,2017,IUCN Freshwater Biodiversity Unit, , ,1969,,,,,,,Extant (resident),ANIMALIA,ARTHROPODA,MALACOSTRACA,DECAPODA,POTAMONAUTIDAE,Potamonautes,LC,-15.3605,35.3103
3166841,44551,Potamonautes montivagus,1,1,1,Neil Cumberlidge,2017,IUCN Freshwater Biodiversity Unit, , ,2009,,,,,,,Extant (resident),ANIMALIA,ARTHROPODA,MALACOSTRACA,DECAPODA,POTAMONAUTIDAE,Potamonautes,LC,-14.79361111,33.98861111
3166842,44551,Potamonautes montivagus,1,1,1,Neil Cumberlidge,2017,IUCN Freshwater Biodiversity Unit, , ,2010,,,,,,,Extant (resident),ANIMALIA,ARTHROPODA,MALACOSTRACA,DECAPODA,POTAMONAUTIDAE,Potamonautes,LC,-13.59383333,32.60658333
3166843,44551,Potamonautes montivagus,1,1,1,Neil Cumberlidge,2017,IUCN Freshwater Biodiversity Unit, , ,2011,,,,,,,Extant (resident),ANIMALIA,ARTHROPODA,MALACOSTRACA,DECAPODA,POTAMONAUTIDAE,Potamonautes,LC,-9.876667,33.926667
3166844,44551,Potamonautes montivagus,1,1,1,Neil Cumberlidge,2017,IUCN Freshwater Biodiversity Unit, , ,2011,,,,,,,Extant (resident),ANIMALIA,ARTHROPODA,MALACOSTRACA,DECAPODA,POTAMONAUTIDAE,Potamonautes,LC,-9.39538889,33.82736111
3166845,44551,Potamonautes montivagus,1,1,1,Neil Cumberlidge,2017,IUCN Freshwater Biodiversity Unit, , ,2011,,,,,,,Extant (resident),ANIMALIA,ARTHROPODA,MALACOSTRACA,DECAPODA,POTAMONAUTIDAE,Potamonautes,LC,-9.35222222,33.84266667
3166846,44551,Potamonautes montivagus,1,1,1,Neil Cumberlidge,2017,IUCN Freshwater Biodiversity Unit, , ,2011,,,,,,,Extant (resident),ANIMALIA,ARTHROPODA,MALACOSTRACA,DECAPODA,POTAMONAUTIDAE,Potamonautes,LC,-9.308,33.86547222
3166847,44551,Potamonautes montivagus,1,1,1,Neil Cumberlidge,2017,IUCN Freshwater Biodiversity Unit, , ,2012,,,,,,,Extant (resident),ANIMALIA,ARTHROPODA,MALACOSTRACA,DECAPODA,POTAMONAUTIDAE,Potamonautes,LC,-8.35777778,32.93638889
3166848,44551,Potamonautes montivagus,1,1,1,Neil Cumberlidge,2017,IUCN Freshwater Biodiversity Unit, , ,2014,,,,,,,Extant (resident),ANIMALIA,ARTHROPODA,MALACOSTRACA,DECAPODA,POTAMONAUTIDAE,Potamonautes,LC,-19.168611,33.760278
3166849,44551,Potamonautes montivagus,1,1,1,Neil Cumberlidge,2017,IUCN Freshwater Biodiversity Unit, , ,2014,,,,,,,Extant (resident),ANIMALIA,ARTHROPODA,MALACOSTRACA,DECAPODA,POTAMONAUTIDAE,Potamonautes,LC,-18.287,32.725
3286802,134327,Parathelphusa ferruginea,1,1,1,Christoph Schubart,2018,IUCN, , ,2000,Chia & Ng (2006),HumanObservation,, ,,,Extant (resident),ANIMALIA,ARTHROPODA,MALACOSTRACA,DECAPODA,GECARCINUCIDAE,Parathelphusa,EN,-2.565083,121.495583
3286862,134327,Parathelphusa ferruginea,1,1,1,Christoph Schubart,2018,IUCN, , ,1999,Schubart et al. (2008),HumanObservation,, ,,,Extant (resident),ANIMALIA,ARTHROPODA,MALACOSTRACA,DECAPODA,GECARCINUCIDAE,Parathelphusa,EN,-2.862167,121.398333
3286863,134327,Parathelphusa ferruginea,1,1,1,Christoph Schubart,2018,IUCN, , ,1999,Schubart et al. (2008),HumanObservation,, ,,,Extant (resident),ANIMALIA,ARTHROPODA,MALACOSTRACA,DECAPODA,GECARCINUCIDAE,Parathelphusa,EN,-2.856333,121.5455
3286864,134327,Parathelphusa ferruginea,1,1,1,Christoph Schubart,2018,IUCN, , ,1999,Schubart et al. (2008),HumanObservation,, ,,,Extant (resident),ANIMALIA,ARTHROPODA,MALACOSTRACA,DECAPODA,GECARCINUCIDAE,Parathelphusa,EN,-2.845667,121.434833
3286865,134327,Parathelphusa ferruginea,1,1,1,Christoph Schubart,2018,IUCN, , ,1999,Schubart et al. (2008),HumanObservation,, ,,,Extant (resident),ANIMALIA,ARTHROPODA,MALACOSTRACA,DECAPODA,GECARCINUCIDAE,Parathelphusa,EN,-2.8155,121.5835
3286866,134327,Parathelphusa ferruginea,1,1,1,Christoph Schubart,2018,IUCN, , ,1999,Schubart et al. (2008),HumanObservation,, ,,,Extant (resident),ANIMALIA,ARTHROPODA,MALACOSTRACA,DECAPODA,GECARCINUCIDAE,Parathelphusa,EN,-2.77,121.5995
3286867,134327,Parathelphusa ferruginea,1,1,1,Christoph Schubart,2018,IUCN, , ,1999,Schubart et al. (2008),HumanObservation,, ,,,Extant (resident),ANIMALIA,ARTHROPODA,MALACOSTRACA,DECAPODA,GECARCINUCIDAE,Parathelphusa,EN,-2.680333,121.69
3286868,134327,Parathelphusa ferruginea,1,1,1,Christoph Schubart,2018,IUCN, , ,1999,Chia & Ng (2006),HumanObservation,, ,,,Extant (resident),ANIMALIA,ARTHROPODA,MALACOSTRACA,DECAPODA,GECARCINUCIDAE,Parathelphusa,EN,-2.610667,121.475667
3286869,134327,Parathelphusa ferruginea,1,1,1,Christoph Schubart,2018,IUCN, , ,2000,Chia & Ng (2006),HumanObservation,, ,,,Extant (resident),ANIMALIA,ARTHROPODA,MALACOSTRACA,DECAPODA,GECARCINUCIDAE,Parathelphusa,EN,-2.710472,121.440556
3286870,134327,Parathelphusa ferruginea,1,1,1,Christoph Schubart,2018,IUCN, , ,2000,Chia & Ng (2006),HumanObservation,, ,,,Extant (resident),ANIMALIA,ARTHROPODA,MALACOSTRACA,DECAPODA,GECARCINUCIDAE,Parathelphusa,EN,-2.681528,121.43525
3286871,134327,Parathelphusa ferruginea,1,1,1,Christoph Schubart,2018,IUCN, , ,2000,Chia & Ng (2006),HumanObservation,, ,,,Extant (resident),ANIMALIA,ARTHROPODA,MALACOSTRACA,DECAPODA,GECARCINUCIDAE,Parathelphusa,EN,-2.610633,121.530367
3286872,134327,Parathelphusa ferruginea,1,1,1,Christoph Schubart,2018,IUCN, , ,2000,Chia & Ng (2006),HumanObservation,, ,,,Extant (resident),ANIMALIA,ARTHROPODA,MALACOSTRACA,DECAPODA,GECARCINUCIDAE,Parathelphusa,EN,-2.578889,121.485
3573683,44203,Potamonautes suprasulcatus,1,1,1,Neil Cumberlidge,2017,IUCN Freshwater Biodiversity Unit, , ,1962,,,,,,,Extant (resident),ANIMALIA,ARTHROPODA,MALACOSTRACA,DECAPODA,POTAMONAUTIDAE,Potamonautes,LC,-4.866667,34.45
3573708,44203,Potamonautes suprasulcatus,1,1,1,Neil Cumberlidge,2017,IUCN Freshwater Biodiversity Unit, , ,1962,,,,,,,Extant (resident),ANIMALIA,ARTHROPODA,MALACOSTRACA,DECAPODA,POTAMONAUTIDAE,Potamonautes,LC,-3.666667,37.366667
3573732,44203,Potamonautes suprasulcatus,1,1,1,Neil Cumberlidge,2017,IUCN Freshwater Biodiversity Unit, , ,1935,,,,,,,Extant (resident),ANIMALIA,ARTHROPODA,MALACOSTRACA,DECAPODA,POTAMONAUTIDAE,Potamonautes,LC,-8.75,31.166667
3573733,44203,Potamonautes suprasulcatus,1,1,1,Neil Cumberlidge,2017,IUCN Freshwater Biodiversity Unit, , ,1962,,,,,,,Extant (resident),ANIMALIA,ARTHROPODA,MALACOSTRACA,DECAPODA,POTAMONAUTIDAE,Potamonautes,LC,-11.066667,35.233333
3573734,44203,Potamonautes suprasulcatus,1,1,1,Neil Cumberlidge,2017,IUCN Freshwater Biodiversity Unit, , ,1962,,,,,,,Extant (resident),ANIMALIA,ARTHROPODA,MALACOSTRACA,DECAPODA,POTAMONAUTIDAE,Potamonautes,LC,-9.7,33.5
3573735,44203,Potamonautes suprasulcatus,1,1,1,Neil Cumberlidge,2017,IUCN Freshwater Biodiversity Unit, , ,1962,,,,,,,Extant (resident),ANIMALIA,ARTHROPODA,MALACOSTRACA,DECAPODA,POTAMONAUTIDAE,Potamonautes,LC,-8.8333332,32.8833333
3573736,44203,Potamonautes suprasulcatus,1,1,1,Neil Cumberlidge,2017,IUCN Freshwater Biodiversity Unit, , ,1962,,,,,,,Extant (resident),ANIMALIA,ARTHROPODA,MALACOSTRACA,DECAPODA,POTAMONAUTIDAE,Potamonautes,LC,-7.777462,35.682818
3573737,44203,Potamonautes suprasulcatus,1,1,1,Neil Cumberlidge,2017,IUCN Freshwater Biodiversity Unit, , ,1962,,,,,,,Extant (resident),ANIMALIA,ARTHROPODA,MALACOSTRACA,DECAPODA,POTAMONAUTIDAE,Potamonautes,LC,-5.3,38.733333
3573738,44203,Potamonautes suprasulcatus,1,1,1,Neil Cumberlidge,2017,IUCN Freshwater Biodiversity Unit, , ,1962,,,,,,,Extant (resident),ANIMALIA,ARTHROPODA,MALACOSTRACA,DECAPODA,POTAMONAUTIDAE,Potamonautes,LC,-5.083333,38.666667
3573739,44203,Potamonautes suprasulcatus,1,1,1,Neil Cumberlidge,2017,IUCN Freshwater Biodiversity Unit, , ,1962,,,,,,,Extant (resident),ANIMALIA,ARTHROPODA,MALACOSTRACA,DECAPODA,POTAMONAUTIDAE,Potamonautes,LC,-5.083333,39.083333
3573740,44203,Potamonautes suprasulcatus,1,1,1,Neil Cumberlidge,2017,IUCN Freshwater Biodiversity Unit, , ,1962,,,,,,,Extant (resident),ANIMALIA,ARTHROPODA,MALACOSTRACA,DECAPODA,POTAMONAUTIDAE,Potamonautes,LC,-5.05,39.066667
3573741,44203,Potamonautes suprasulcatus,1,1,1,Neil Cumberlidge,2017,IUCN Freshwater Biodiversity Unit, , ,1962,,,,,,,Extant (resident),ANIMALIA,ARTHROPODA,MALACOSTRACA,DECAPODA,POTAMONAUTIDAE,Potamonautes,LC,-4.963103,29.726614
3573742,44203,Potamonautes suprasulcatus,1,1,1,Neil Cumberlidge,2017,IUCN Freshwater Biodiversity Unit, , ,1964,,,,,,,Extant (resident),ANIMALIA,ARTHROPODA,MALACOSTRACA,DECAPODA,POTAMONAUTIDAE,Potamonautes,LC,-4.566667,38.4
3573743,44203,Potamonautes suprasulcatus,1,1,1,Neil Cumberlidge,2017,IUCN Freshwater Biodiversity Unit, , ,1964,,,,,,,Extant (resident),ANIMALIA,ARTHROPODA,MALACOSTRACA,DECAPODA,POTAMONAUTIDAE,Potamonautes,LC,-4.5666666,38.4
3573744,44203,Potamonautes suprasulcatus,1,1,1,Neil Cumberlidge,2017,IUCN Freshwater Biodiversity Unit, , ,1965,,,,,,,Extant (resident),ANIMALIA,ARTHROPODA,MALACOSTRACA,DECAPODA,POTAMONAUTIDAE,Potamonautes,LC,-8.866667,36.016667
3573745,44203,Potamonautes suprasulcatus,1,1,1,Neil Cumberlidge,2017,IUCN Freshwater Biodiversity Unit, , ,1965,,,,,,,Extant (resident),ANIMALIA,ARTHROPODA,MALACOSTRACA,DECAPODA,POTAMONAUTIDAE,Potamonautes,LC,-8.666667,36.416667
3573746,44203,Potamonautes suprasulcatus,1,1,1,Neil Cumberlidge,2017,IUCN Freshwater Biodiversity Unit, , ,1965,,,,,,,Extant (resident),ANIMALIA,ARTHROPODA,MALACOSTRACA,DECAPODA,POTAMONAUTIDAE,Potamonautes,LC,-5.9,37.45
3573747,44203,Potamonautes suprasulcatus,1,1,1,Neil Cumberlidge,2017,IUCN Freshwater Biodiversity Unit, , ,1965,,,,,,,Extant (resident),ANIMALIA,ARTHROPODA,MALACOSTRACA,DECAPODA,POTAMONAUTIDAE,Potamonautes,LC,-5.8999999,37.45
3573748,44203,Potamonautes suprasulcatus,1,1,1,Neil Cumberlidge,2017,IUCN Freshwater Biodiversity Unit, , ,1965,,,,,,,Extant (resident),ANIMALIA,ARTHROPODA,MALACOSTRACA,DECAPODA,POTAMONAUTIDAE,Potamonautes,LC,-5.8,36.5
3573749,44203,Potamonautes suprasulcatus,1,1,1,Neil Cumberlidge,2017,IUCN Freshwater Biodiversity Unit, , ,1967,,,,,,,Extant (resident),ANIMALIA,ARTHROPODA,MALACOSTRACA,DECAPODA,POTAMONAUTIDAE,Potamonautes,LC,-11.05,34.9
3573750,44203,Potamonautes suprasulcatus,1,1,1,Neil Cumberlidge,2017,IUCN Freshwater Biodiversity Unit, , ,1967,,,,,,,Extant (resident),ANIMALIA,ARTHROPODA,MALACOSTRACA,DECAPODA,POTAMONAUTIDAE,Potamonautes,LC,-10.5,35.616667
3573751,44203,Potamonautes suprasulcatus,1,1,1,Neil Cumberlidge,2017,IUCN Freshwater Biodiversity Unit, , ,1967,,,,,,,Extant (resident),ANIMALIA,ARTHROPODA,MALACOSTRACA,DECAPODA,POTAMONAUTIDAE,Potamonautes,LC,-4.85,38.366667
3573752,44203,Potamonautes suprasulcatus,1,1,1,Neil Cumberlidge,2017,IUCN Freshwater Biodiversity Unit, , ,1967,,,,,,,Extant (resident),ANIMALIA,ARTHROPODA,MALACOSTRACA,DECAPODA,POTAMONAUTIDAE,Potamonautes,LC,-4.8499999,38.4666667
3573753,44203,Potamonautes suprasulcatus,1,1,1,Neil Cumberlidge,2017,IUCN Freshwater Biodiversity Unit, , ,1967,,,,,,,Extant (resident),ANIMALIA,ARTHROPODA,MALACOSTRACA,DECAPODA,POTAMONAUTIDAE,Potamonautes,LC,-3.6,35.933333
3573754,44203,Potamonautes suprasulcatus,1,1,1,Neil Cumberlidge,2017,IUCN Freshwater Biodiversity Unit, , ,1968,,,,,,,Extant (resident),ANIMALIA,ARTHROPODA,MALACOSTRACA,DECAPODA,POTAMONAUTIDAE,Potamonautes,LC,-8.752,31.207
3573755,44203,Potamonautes suprasulcatus,1,1,1,Neil Cumberlidge,2017,IUCN Freshwater Biodiversity Unit, , ,1968,,,,,,,Extant (resident),ANIMALIA,ARTHROPODA,MALACOSTRACA,DECAPODA,POTAMONAUTIDAE,Potamonautes,LC,-4.15,37.85
3573756,44203,Potamonautes suprasulcatus,1,1,1,Neil Cumberlidge,2017,IUCN Freshwater Biodiversity Unit, , ,1970,,,,,,,Extant (resident),ANIMALIA,ARTHROPODA,MALACOSTRACA,DECAPODA,POTAMONAUTIDAE,Potamonautes,LC,-8.2,32.166667
3573757,44203,Potamonautes suprasulcatus,1,1,1,Neil Cumberlidge,2017,IUCN Freshwater Biodiversity Unit, , ,1971,,,,,,,Extant (resident),ANIMALIA,ARTHROPODA,MALACOSTRACA,DECAPODA,POTAMONAUTIDAE,Potamonautes,LC,-5.1,38.633333
3573758,44203,Potamonautes suprasulcatus,1,1,1,Neil Cumberlidge,2017,IUCN Freshwater Biodiversity Unit, , ,1972,,,,,,,Extant (resident),ANIMALIA,ARTHROPODA,MALACOSTRACA,DECAPODA,POTAMONAUTIDAE,Potamonautes,LC,-8.516667,37.366667
3573759,44203,Potamonautes suprasulcatus,1,1,1,Neil Cumberlidge,2017,IUCN Freshwater Biodiversity Unit, , ,1973,,,,,,,Extant (resident),ANIMALIA,ARTHROPODA,MALACOSTRACA,DECAPODA,POTAMONAUTIDAE,Potamonautes,LC,-6.3,36.416667
3573760,44203,Potamonautes suprasulcatus,1,1,1,Neil Cumberlidge,2017,IUCN Freshwater Biodiversity Unit, , ,1973,,,,,,,Extant (resident),ANIMALIA,ARTHROPODA,MALACOSTRACA,DECAPODA,POTAMONAUTIDAE,Potamonautes,LC,-6.2999999,36.4166667
3573761,44203,Potamonautes suprasulcatus,1,1,1,Neil Cumberlidge,2017,IUCN Freshwater Biodiversity Unit, , ,1973,,,,,,,Extant (resident),ANIMALIA,ARTHROPODA,MALACOSTRACA,DECAPODA,POTAMONAUTIDAE,Potamonautes,LC,-3.066667,37.366667
3573762,44203,Potamonautes suprasulcatus,1,1,1,Neil Cumberlidge,2017,IUCN Freshwater Biodiversity Unit, , ,1990,,,,,,,Extant (resident),ANIMALIA,ARTHROPODA,MALACOSTRACA,DECAPODA,POTAMONAUTIDAE,Potamonautes,LC,-7.033333,37.633333
3573763,44203,Potamonautes suprasulcatus,1,1,1,Neil Cumberlidge,2017,IUCN Freshwater Biodiversity Unit, , ,2010,,,,,,,Extant (resident),ANIMALIA,ARTHROPODA,MALACOSTRACA,DECAPODA,POTAMONAUTIDAE,Potamonautes,LC,-10.9666666,34.85
3573764,44203,Potamonautes suprasulcatus,1,1,1,Neil Cumberlidge,2017,IUCN Freshwater Biodiversity Unit, , ,2006,,,,,,,Extant (resident),ANIMALIA,ARTHROPODA,MALACOSTRACA,DECAPODA,POTAMONAUTIDAE,Potamonautes,LC,-9.4833332,35.5166667
3573765,44203,Potamonautes suprasulcatus,1,1,1,Neil Cumberlidge,2017,IUCN Freshwater Biodiversity Unit, , ,2006,,,,,,,Extant (resident),ANIMALIA,ARTHROPODA,MALACOSTRACA,DECAPODA,POTAMONAUTIDAE,Potamonautes,LC,-9.2,33.533333
3573766,44203,Potamonautes suprasulcatus,1,1,1,Neil Cumberlidge,2017,IUCN Freshwater Biodiversity Unit, , ,2006,,,,,,,Extant (resident),ANIMALIA,ARTHROPODA,MALACOSTRACA,DECAPODA,POTAMONAUTIDAE,Potamonautes,LC,-9.115311,33.637453
3573767,44203,Potamonautes suprasulcatus,1,1,1,Neil Cumberlidge,2017,IUCN Freshwater Biodiversity Unit, , ,2010,,,,,,,Extant (resident),ANIMALIA,ARTHROPODA,MALACOSTRACA,DECAPODA,POTAMONAUTIDAE,Potamonautes,LC,-10.81666,34.0333
3573768,44203,Potamonautes suprasulcatus,1,1,1,Neil Cumberlidge,2017,IUCN Freshwater Biodiversity Unit, , ,2010,,,,,,,Extant (resident),ANIMALIA,ARTHROPODA,MALACOSTRACA,DECAPODA,POTAMONAUTIDAE,Potamonautes,LC,-10.5333332,35.6166667
3573769,44203,Potamonautes suprasulcatus,1,1,1,Neil Cumberlidge,2017,IUCN Freshwater Biodiversity Unit, , ,2014,,,,,,,Extant (resident),ANIMALIA,ARTHROPODA,MALACOSTRACA,DECAPODA,POTAMONAUTIDAE,Potamonautes,LC,-7.7666666,35.7
4250001,44521,Potamonautes choloensis,1,1,1,Neil Cumberlidge,2017,IUCN Freshwater Biodiversity Unit, , ,2010,,,,,,,Extant (resident),ANIMALIA,ARTHROPODA,MALACOSTRACA,DECAPODA,POTAMONAUTIDAE,Potamonautes,LC,-16.065,35.5875
4250157,44521,Potamonautes choloensis,1,1,1,Neil Cumberlidge,2017,IUCN Freshwater Biodiversity Unit, , ,2010,,,,,,,Extant (resident),ANIMALIA,ARTHROPODA,MALACOSTRACA,DECAPODA,POTAMONAUTIDAE,Potamonautes,LC,-16.29861111,36.39305556
4250192,44521,Potamonautes choloensis,1,1,1,Neil Cumberlidge,2017,IUCN Freshwater Biodiversity Unit, , ,2010,,,,,,,Extant (resident),ANIMALIA,ARTHROPODA,MALACOSTRACA,DECAPODA,POTAMONAUTIDAE,Potamonautes,LC,-16.03638889,35.52138889
4250475,44521,Potamonautes choloensis,1,1,1,Neil Cumberlidge,2017,IUCN Freshwater Biodiversity Unit, , ,2009,,,,,,,Extant (resident),ANIMALIA,ARTHROPODA,MALACOSTRACA,DECAPODA,POTAMONAUTIDAE,Potamonautes,LC,-16.01583333,35.495
4250721,44521,Potamonautes choloensis,1,1,1,Neil Cumberlidge,2017,IUCN Freshwater Biodiversity Unit, , ,1897,,,,,,,Extant (resident),ANIMALIA,ARTHROPODA,MALACOSTRACA,DECAPODA,POTAMONAUTIDAE,Potamonautes,LC,-10.8,33.8
4250722,44521,Potamonautes choloensis,1,1,1,Neil Cumberlidge,2017,IUCN Freshwater Biodiversity Unit, , ,1938,,,,,,,Extant (resident),ANIMALIA,ARTHROPODA,MALACOSTRACA,DECAPODA,POTAMONAUTIDAE,Potamonautes,LC,-16.033,35.5
4250723,44521,Potamonautes choloensis,1,1,1,Neil Cumberlidge,2017,IUCN Freshwater Biodiversity Unit, , ,1953,,,,,,,Extant (resident),ANIMALIA,ARTHROPODA,MALACOSTRACA,DECAPODA,POTAMONAUTIDAE,Potamonautes,LC,-16.0333333,35.0363889
4250724,44521,Potamonautes choloensis,1,1,1,Neil Cumberlidge,2017,IUCN Freshwater Biodiversity Unit, , ,1953,,,,,,,Extant (resident),ANIMALIA,ARTHROPODA,MALACOSTRACA,DECAPODA,POTAMONAUTIDAE,Potamonautes,LC,-16.01583333,35.495
4250725,44521,Potamonautes choloensis,1,1,1,Neil Cumberlidge,2017,IUCN Freshwater Biodiversity Unit, , ,1953,,,,,,,Extant (resident),ANIMALIA,ARTHROPODA,MALACOSTRACA,DECAPODA,POTAMONAUTIDAE,Potamonautes,LC,-15.363905,35.3131505
4250726,44521,Potamonautes choloensis,1,1,1,Neil Cumberlidge,2017,IUCN Freshwater Biodiversity Unit, , ,1953,,,,,,,Extant (resident),ANIMALIA,ARTHROPODA,MALACOSTRACA,DECAPODA,POTAMONAUTIDAE,Potamonautes,LC,-15.02944444,37.38055556
4250727,44521,Potamonautes choloensis,1,1,1,Neil Cumberlidge,2017,IUCN Freshwater Biodiversity Unit, , ,1953,,,,,,,Extant (resident),ANIMALIA,ARTHROPODA,MALACOSTRACA,DECAPODA,POTAMONAUTIDAE,Potamonautes,LC,-10.62533333,35.65338889
4250728,44521,Potamonautes choloensis,1,1,1,Neil Cumberlidge,2017,IUCN Freshwater Biodiversity Unit, , ,1953,,,,,,,Extant (resident),ANIMALIA,ARTHROPODA,MALACOSTRACA,DECAPODA,POTAMONAUTIDAE,Potamonautes,LC,-10.59583333,33.80583333
4250729,44521,Potamonautes choloensis,1,1,1,Neil Cumberlidge,2017,IUCN Freshwater Biodiversity Unit, , ,1953,,,,,,,Extant (resident),ANIMALIA,ARTHROPODA,MALACOSTRACA,DECAPODA,POTAMONAUTIDAE,Potamonautes,LC,-8.85472222,34.08583333
4250730,44521,Potamonautes choloensis,1,1,1,Neil Cumberlidge,2017,IUCN Freshwater Biodiversity Unit, , ,2010,,,,,,,Extant (resident),ANIMALIA,ARTHROPODA,MALACOSTRACA,DECAPODA,POTAMONAUTIDAE,Potamonautes,LC,-16.07722222,35.67138889
4250732,44521,Potamonautes choloensis,1,1,1,Neil Cumberlidge,2017,IUCN Freshwater Biodiversity Unit, , ,2010,,,,,,,Extant (resident),ANIMALIA,ARTHROPODA,MALACOSTRACA,DECAPODA,POTAMONAUTIDAE,Potamonautes,LC,-15.38333333,35.33333333
4250733,44521,Potamonautes choloensis,1,1,1,Neil Cumberlidge,2017,IUCN Freshwater Biodiversity Unit, , ,2014,,,,,,,Extant (resident),ANIMALIA,ARTHROPODA,MALACOSTRACA,DECAPODA,POTAMONAUTIDAE,Potamonautes,LC,-16.29861111,36.39305556
4250734,44521,Potamonautes choloensis,1,1,1,Neil Cumberlidge,2017,IUCN Freshwater Biodiversity Unit, , ,2014,,,,,,,Extant (resident),ANIMALIA,ARTHROPODA,MALACOSTRACA,DECAPODA,POTAMONAUTIDAE,Potamonautes,LC,-16.01583333,35.495
4250735,44521,Potamonautes choloensis,1,1,1,Neil Cumberlidge,2017,IUCN Freshwater Biodiversity Unit, , ,2014,,,,,,,Extant (resident),ANIMALIA,ARTHROPODA,MALACOSTRACA,DECAPODA,POTAMONAUTIDAE,Potamonautes,LC,-15.93166667,35.62555556
4250736,44521,Potamonautes choloensis,1,1,1,Neil Cumberlidge,2017,IUCN Freshwater Biodiversity Unit, , ,2014,,,,,,,Extant (resident),ANIMALIA,ARTHROPODA,MALACOSTRACA,DECAPODA,POTAMONAUTIDAE,Potamonautes,LC,-15.9,35.51666
4648342,44201,Potamonautes lirrangensis,1,1,1,Neil Cumberlidge,2017,IUCN Freshwater Biodiversity Unit, , ,1907,,,,,,,Extant (resident),ANIMALIA,ARTHROPODA,MALACOSTRACA,DECAPODA,POTAMONAUTIDAE,Potamonautes,LC,-1.7,29.016667
4648343,44201,Potamonautes lirrangensis,1,1,1,Neil Cumberlidge,2017,IUCN Freshwater Biodiversity Unit, , ,1922,,,,,,,Extant (resident),ANIMALIA,ARTHROPODA,MALACOSTRACA,DECAPODA,POTAMONAUTIDAE,Potamonautes,LC,-1.6875,29.2547222
4648344,44201,Potamonautes lirrangensis,1,1,1,Neil Cumberlidge,2017,IUCN Freshwater Biodiversity Unit, , ,1928,,,,,,,Extant (resident),ANIMALIA,ARTHROPODA,MALACOSTRACA,DECAPODA,POTAMONAUTIDAE,Potamonautes,LC,-1.6875,29.2547222
4648345,44201,Potamonautes lirrangensis,1,1,1,Neil Cumberlidge,2017,IUCN Freshwater Biodiversity Unit, , ,1955,,,,,,,Extant (resident),ANIMALIA,ARTHROPODA,MALACOSTRACA,DECAPODA,POTAMONAUTIDAE,Potamonautes,LC,0.5185,25.2008
4648346,44201,Potamonautes lirrangensis,1,1,1,Neil Cumberlidge,2017,IUCN Freshwater Biodiversity Unit, , ,1897,,,,,,,Extant (resident),ANIMALIA,ARTHROPODA,MALACOSTRACA,DECAPODA,POTAMONAUTIDAE,Potamonautes,LC,-11.607365,34.30075
4648347,44201,Potamonautes lirrangensis,1,1,1,Neil Cumberlidge,2017,IUCN Freshwater Biodiversity Unit, , ,1899,,,,,,,Extant (resident),ANIMALIA,ARTHROPODA,MALACOSTRACA,DECAPODA,POTAMONAUTIDAE,Potamonautes,LC,-1.4058333,29.7369444
4648348,44201,Potamonautes lirrangensis,1,1,1,Neil Cumberlidge,2017,IUCN Freshwater Biodiversity Unit, , ,1901,,,,,,,Extant (resident),ANIMALIA,ARTHROPODA,MALACOSTRACA,DECAPODA,POTAMONAUTIDAE,Potamonautes,LC,2.15,21.5
4648349,44201,Potamonautes lirrangensis,1,1,1,Neil Cumberlidge,2017,IUCN Freshwater Biodiversity Unit, , ,1903,,,,,,,Extant (resident),ANIMALIA,ARTHROPODA,MALACOSTRACA,DECAPODA,POTAMONAUTIDAE,Potamonautes,LC,1.55,25.3333333
4648350,44201,Potamonautes lirrangensis,1,1,1,Neil Cumberlidge,2017,IUCN Freshwater Biodiversity Unit, , ,1905,,,,,,,Extant (resident),ANIMALIA,ARTHROPODA,MALACOSTRACA,DECAPODA,POTAMONAUTIDAE,Potamonautes,LC,-5.11556,30.380258
4648351,44201,Potamonautes lirrangensis,1,1,1,Neil Cumberlidge,2017,IUCN Freshwater Biodiversity Unit, , ,1907,,,,,,,Extant (resident),ANIMALIA,ARTHROPODA,MALACOSTRACA,DECAPODA,POTAMONAUTIDAE,Potamonautes,LC,-2.8630556,29.0591667
4648352,44201,Potamonautes lirrangensis,1,1,1,Neil Cumberlidge,2017,IUCN Freshwater Biodiversity Unit, , ,1907,,,,,,,Extant (resident),ANIMALIA,ARTHROPODA,MALACOSTRACA,DECAPODA,POTAMONAUTIDAE,Potamonautes,LC,-2.6,29.8166667
4648353,44201,Potamonautes lirrangensis,1,1,1,Neil Cumberlidge,2017,IUCN Freshwater Biodiversity Unit, , ,1907,,,,,,,Extant (resident),ANIMALIA,ARTHROPODA,MALACOSTRACA,DECAPODA,POTAMONAUTIDAE,Potamonautes,LC,-2.5083333,28.8608333
4648354,44201,Potamonautes lirrangensis,1,1,1,Neil Cumberlidge,2017,IUCN Freshwater Biodiversity Unit, , ,1908,,,,,,,Extant (resident),ANIMALIA,ARTHROPODA,MALACOSTRACA,DECAPODA,POTAMONAUTIDAE,Potamonautes,LC,-11.607365,34.30075
4648355,44201,Potamonautes lirrangensis,1,1,1,Neil Cumberlidge,2017,IUCN Freshwater Biodiversity Unit, , ,1909,,,,,,,Extant (resident),ANIMALIA,ARTHROPODA,MALACOSTRACA,DECAPODA,POTAMONAUTIDAE,Potamonautes,LC,0.5,25.2
4648356,44201,Potamonautes lirrangensis,1,1,1,Neil Cumberlidge,2017,IUCN Freshwater Biodiversity Unit, , ,1911,,,,,,,Extant (resident),ANIMALIA,ARTHROPODA,MALACOSTRACA,DECAPODA,POTAMONAUTIDAE,Potamonautes,LC,0.5167,25.2
4648357,44201,Potamonautes lirrangensis,1,1,1,Neil Cumberlidge,2017,IUCN Freshwater Biodiversity Unit, , ,1915,,,,,,,Extant (resident),ANIMALIA,ARTHROPODA,MALACOSTRACA,DECAPODA,POTAMONAUTIDAE,Potamonautes,LC,0.5167,25.2
4648358,44201,Potamonautes lirrangensis,1,1,1,Neil Cumberlidge,2017,IUCN Freshwater Biodiversity Unit, , ,1915,,,,,,,Extant (resident),ANIMALIA,ARTHROPODA,MALACOSTRACA,DECAPODA,POTAMONAUTIDAE,Potamonautes,LC,0.5185,25.2008
4648359,44201,Potamonautes lirrangensis,1,1,1,Neil Cumberlidge,2017,IUCN Freshwater Biodiversity Unit, , ,1919,,,,,,,Extant (resident),ANIMALIA,ARTHROPODA,MALACOSTRACA,DECAPODA,POTAMONAUTIDAE,Potamonautes,LC,-5.9127,29.1914
4648360,44201,Potamonautes lirrangensis,1,1,1,Neil Cumberlidge,2017,IUCN Freshwater Biodiversity Unit, , ,1924,,,,,,,Extant (resident),ANIMALIA,ARTHROPODA,MALACOSTRACA,DECAPODA,POTAMONAUTIDAE,Potamonautes,LC,-1.0756,17.1603
4648361,44201,Potamonautes lirrangensis,1,1,1,Neil Cumberlidge,2017,IUCN Freshwater Biodiversity Unit, , ,1924,,,,,,,Extant (resident),ANIMALIA,ARTHROPODA,MALACOSTRACA,DECAPODA,POTAMONAUTIDAE,Potamonautes,LC,-1.045101,17.146692
4648363,44201,Potamonautes lirrangensis,1,1,1,Neil Cumberlidge,2017,IUCN Freshwater Biodiversity Unit, , ,1925,,,,,,,Extant (resident),ANIMALIA,ARTHROPODA,MALACOSTRACA,DECAPODA,POTAMONAUTIDAE,Potamonautes,LC,-14.1666666,35
4648364,44201,Potamonautes lirrangensis,1,1,1,Neil Cumberlidge,2017,IUCN Freshwater Biodiversity Unit, , ,1925,,,,,,,Extant (resident),ANIMALIA,ARTHROPODA,MALACOSTRACA,DECAPODA,POTAMONAUTIDAE,Potamonautes,LC,2.8,24.7333333
4648365,44201,Potamonautes lirrangensis,1,1,1,Neil Cumberlidge,2017,IUCN Freshwater Biodiversity Unit, , ,1925,,,,,,,Extant (resident),ANIMALIA,ARTHROPODA,MALACOSTRACA,DECAPODA,POTAMONAUTIDAE,Potamonautes,LC,3.2333333,25.9666667
4648366,44201,Potamonautes lirrangensis,1,1,1,Neil Cumberlidge,2017,IUCN Freshwater Biodiversity Unit, , ,1926,,,,,,,Extant (resident),ANIMALIA,ARTHROPODA,MALACOSTRACA,DECAPODA,POTAMONAUTIDAE,Potamonautes,LC,-14.072966,34.922852
4648367,44201,Potamonautes lirrangensis,1,1,1,Neil Cumberlidge,2017,IUCN Freshwater Biodiversity Unit, , ,1926,,,,,,,Extant (resident),ANIMALIA,ARTHROPODA,MALACOSTRACA,DECAPODA,POTAMONAUTIDAE,Potamonautes,LC,-2.1833333,29.3
4648368,44201,Potamonautes lirrangensis,1,1,1,Neil Cumberlidge,2017,IUCN Freshwater Biodiversity Unit, , ,1926,,,,,,,Extant (resident),ANIMALIA,ARTHROPODA,MALACOSTRACA,DECAPODA,POTAMONAUTIDAE,Potamonautes,LC,-1.6875,29.2547222
4648369,44201,Potamonautes lirrangensis,1,1,1,Neil Cumberlidge,2017,IUCN Freshwater Biodiversity Unit, , ,1928,,,,,,,Extant (resident),ANIMALIA,ARTHROPODA,MALACOSTRACA,DECAPODA,POTAMONAUTIDAE,Potamonautes,LC,-1.2166667,28.1833333
4648370,44201,Potamonautes lirrangensis,1,1,1,Neil Cumberlidge,2017,IUCN Freshwater Biodiversity Unit, , ,1930,,,,,,,Extant (resident),ANIMALIA,ARTHROPODA,MALACOSTRACA,DECAPODA,POTAMONAUTIDAE,Potamonautes,LC,0.5167,25.2
4648371,44201,Potamonautes lirrangensis,1,1,1,Neil Cumberlidge,2017,IUCN Freshwater Biodiversity Unit, , ,1930,,,,,,,Extant (resident),ANIMALIA,ARTHROPODA,MALACOSTRACA,DECAPODA,POTAMONAUTIDAE,Potamonautes,LC,0.5185,25.2008
4648372,44201,Potamonautes lirrangensis,1,1,1,Neil Cumberlidge,2017,IUCN Freshwater Biodiversity Unit, , ,1936,,,,,,,Extant (resident),ANIMALIA,ARTHROPODA,MALACOSTRACA,DECAPODA,POTAMONAUTIDAE,Potamonautes,LC,-1.6875,29.2547222
4648373,44201,Potamonautes lirrangensis,1,1,1,Neil Cumberlidge,2017,IUCN Freshwater Biodiversity Unit, , ,1947,,,,,,,Extant (resident),ANIMALIA,ARTHROPODA,MALACOSTRACA,DECAPODA,POTAMONAUTIDAE,Potamonautes,LC,0.5167,25.2
4648374,44201,Potamonautes lirrangensis,1,1,1,Neil Cumberlidge,2017,IUCN Freshwater Biodiversity Unit, , ,1947,,,,,,,Extant (resident),ANIMALIA,ARTHROPODA,MALACOSTRACA,DECAPODA,POTAMONAUTIDAE,Potamonautes,LC,1.15,23.6
4648375,44201,Potamonautes lirrangensis,1,1,1,Neil Cumberlidge,2017,IUCN Freshwater Biodiversity Unit, , ,1947,,,,,,,Extant (resident),ANIMALIA,ARTHROPODA,MALACOSTRACA,DECAPODA,POTAMONAUTIDAE,Potamonautes,LC,1.55,25.3333333
4648376,44201,Potamonautes lirrangensis,1,1,1,Neil Cumberlidge,2017,IUCN Freshwater Biodiversity Unit, , ,1947,,,,,,,Extant (resident),ANIMALIA,ARTHROPODA,MALACOSTRACA,DECAPODA,POTAMONAUTIDAE,Potamonautes,LC,2.1166667,21.4
4648377,44201,Potamonautes lirrangensis,1,1,1,Neil Cumberlidge,2017,IUCN Freshwater Biodiversity Unit, , ,1949,,,,,,,Extant (resident),ANIMALIA,ARTHROPODA,MALACOSTRACA,DECAPODA,POTAMONAUTIDAE,Potamonautes,LC,-3.4066667,29.1458333
4648378,44201,Potamonautes lirrangensis,1,1,1,Neil Cumberlidge,2017,IUCN Freshwater Biodiversity Unit, , ,1949,,,,,,,Extant (resident),ANIMALIA,ARTHROPODA,MALACOSTRACA,DECAPODA,POTAMONAUTIDAE,Potamonautes,LC,-2.949554,25.928935
4648379,44201,Potamonautes lirrangensis,1,1,1,Neil Cumberlidge,2017,IUCN Freshwater Biodiversity Unit, , ,1949,,,,,,,Extant (resident),ANIMALIA,ARTHROPODA,MALACOSTRACA,DECAPODA,POTAMONAUTIDAE,Potamonautes,LC,-2.9333333,26.8
4648380,44201,Potamonautes lirrangensis,1,1,1,Neil Cumberlidge,2017,IUCN Freshwater Biodiversity Unit, , ,1949,,,,,,,Extant (resident),ANIMALIA,ARTHROPODA,MALACOSTRACA,DECAPODA,POTAMONAUTIDAE,Potamonautes,LC,-2.516667,25.783333
4648381,44201,Potamonautes lirrangensis,1,1,1,Neil Cumberlidge,2017,IUCN Freshwater Biodiversity Unit, , ,1949,,,,,,,Extant (resident),ANIMALIA,ARTHROPODA,MALACOSTRACA,DECAPODA,POTAMONAUTIDAE,Potamonautes,LC,-1.67055556,29.23833333
4648382,44201,Potamonautes lirrangensis,1,1,1,Neil Cumberlidge,2017,IUCN Freshwater Biodiversity Unit, , ,1949,,,,,,,Extant (resident),ANIMALIA,ARTHROPODA,MALACOSTRACA,DECAPODA,POTAMONAUTIDAE,Potamonautes,LC,-0.65,17.6072
4648383,44201,Potamonautes lirrangensis,1,1,1,Neil Cumberlidge,2017,IUCN Freshwater Biodiversity Unit, , ,1953,,,,,,,Extant (resident),ANIMALIA,ARTHROPODA,MALACOSTRACA,DECAPODA,POTAMONAUTIDAE,Potamonautes,LC,-2.983333,29.1
4648384,44201,Potamonautes lirrangensis,1,1,1,Neil Cumberlidge,2017,IUCN Freshwater Biodiversity Unit, , ,1955,,,,,,,Extant (resident),ANIMALIA,ARTHROPODA,MALACOSTRACA,DECAPODA,POTAMONAUTIDAE,Potamonautes,LC,-2.5123,28.848
4648385,44201,Potamonautes lirrangensis,1,1,1,Neil Cumberlidge,2017,IUCN Freshwater Biodiversity Unit, , ,1955,,,,,,,Extant (resident),ANIMALIA,ARTHROPODA,MALACOSTRACA,DECAPODA,POTAMONAUTIDAE,Potamonautes,LC,-2.5083333,28.8608333
4648386,44201,Potamonautes lirrangensis,1,1,1,Neil Cumberlidge,2017,IUCN Freshwater Biodiversity Unit, , ,1955,,,,,,,Extant (resident),ANIMALIA,ARTHROPODA,MALACOSTRACA,DECAPODA,POTAMONAUTIDAE,Potamonautes,LC,-2.15,29.0666667
4648387,44201,Potamonautes lirrangensis,1,1,1,Neil Cumberlidge,2017,IUCN Freshwater Biodiversity Unit, , ,1955,,,,,,,Extant (resident),ANIMALIA,ARTHROPODA,MALACOSTRACA,DECAPODA,POTAMONAUTIDAE,Potamonautes,LC,-1.6875,29.2547222
4648388,44201,Potamonautes lirrangensis,1,1,1,Neil Cumberlidge,2017,IUCN Freshwater Biodiversity Unit, , ,1955,,,,,,,Extant (resident),ANIMALIA,ARTHROPODA,MALACOSTRACA,DECAPODA,POTAMONAUTIDAE,Potamonautes,LC,0.4952,25.2041
4648389,44201,Potamonautes lirrangensis,1,1,1,Neil Cumberlidge,2017,IUCN Freshwater Biodiversity Unit, , ,1955,,,,,,,Extant (resident),ANIMALIA,ARTHROPODA,MALACOSTRACA,DECAPODA,POTAMONAUTIDAE,Potamonautes,LC,0.5,25.2002
4648390,44201,Potamonautes lirrangensis,1,1,1,Neil Cumberlidge,2017,IUCN Freshwater Biodiversity Unit, , ,1955,,,,,,,Extant (resident),ANIMALIA,ARTHROPODA,MALACOSTRACA,DECAPODA,POTAMONAUTIDAE,Potamonautes,LC,0.5167,25.2
4648391,44201,Potamonautes lirrangensis,1,1,1,Neil Cumberlidge,2017,IUCN Freshwater Biodiversity Unit, , ,1959,,,,,,,Extant (resident),ANIMALIA,ARTHROPODA,MALACOSTRACA,DECAPODA,POTAMONAUTIDAE,Potamonautes,LC,-6.75,29.5166667
4648392,44201,Potamonautes lirrangensis,1,1,1,Neil Cumberlidge,2017,IUCN Freshwater Biodiversity Unit, , ,1959,,,,,,,Extant (resident),ANIMALIA,ARTHROPODA,MALACOSTRACA,DECAPODA,POTAMONAUTIDAE,Potamonautes,LC,-3.4066667,29.1458333
4648393,44201,Potamonautes lirrangensis,1,1,1,Neil Cumberlidge,2017,IUCN Freshwater Biodiversity Unit, , ,1959,,,,,,,Extant (resident),ANIMALIA,ARTHROPODA,MALACOSTRACA,DECAPODA,POTAMONAUTIDAE,Potamonautes,LC,-3.091698,29.115651
4648394,44201,Potamonautes lirrangensis,1,1,1,Neil Cumberlidge,2017,IUCN Freshwater Biodiversity Unit, , ,1959,,,,,,,Extant (resident),ANIMALIA,ARTHROPODA,MALACOSTRACA,DECAPODA,POTAMONAUTIDAE,Potamonautes,LC,-2.9333333,28.2833333
4648395,44201,Potamonautes lirrangensis,1,1,1,Neil Cumberlidge,2017,IUCN Freshwater Biodiversity Unit, , ,1959,,,,,,,Extant (resident),ANIMALIA,ARTHROPODA,MALACOSTRACA,DECAPODA,POTAMONAUTIDAE,Potamonautes,LC,-2.5123,28.848
4648396,44201,Potamonautes lirrangensis,1,1,1,Neil Cumberlidge,2017,IUCN Freshwater Biodiversity Unit, , ,1959,,,,,,,Extant (resident),ANIMALIA,ARTHROPODA,MALACOSTRACA,DECAPODA,POTAMONAUTIDAE,Potamonautes,LC,-2.1833333,29.3
4648397,44201,Potamonautes lirrangensis,1,1,1,Neil Cumberlidge,2017,IUCN Freshwater Biodiversity Unit, , ,1968,,,,,,,Extant (resident),ANIMALIA,ARTHROPODA,MALACOSTRACA,DECAPODA,POTAMONAUTIDAE,Potamonautes,LC,-14.072966,34.922852
4648398,44201,Potamonautes lirrangensis,1,1,1,Neil Cumberlidge,2017,IUCN Freshwater Biodiversity Unit, , ,1968,,,,,,,Extant (resident),ANIMALIA,ARTHROPODA,MALACOSTRACA,DECAPODA,POTAMONAUTIDAE,Potamonautes,LC,-14.035993,34.952378
4648399,44201,Potamonautes lirrangensis,1,1,1,Neil Cumberlidge,2017,IUCN Freshwater Biodiversity Unit, , ,1971,,,,,,,Extant (resident),ANIMALIA,ARTHROPODA,MALACOSTRACA,DECAPODA,POTAMONAUTIDAE,Potamonautes,LC,-4.854,29.7054
4648400,44201,Potamonautes lirrangensis,1,1,1,Neil Cumberlidge,2017,IUCN Freshwater Biodiversity Unit, , ,1971,,,,,,,Extant (resident),ANIMALIA,ARTHROPODA,MALACOSTRACA,DECAPODA,POTAMONAUTIDAE,Potamonautes,LC,-4.839442,30.004353
4648401,44201,Potamonautes lirrangensis,1,1,1,Neil Cumberlidge,2017,IUCN Freshwater Biodiversity Unit, , ,1972,,,,,,,Extant (resident),ANIMALIA,ARTHROPODA,MALACOSTRACA,DECAPODA,POTAMONAUTIDAE,Potamonautes,LC,-13.882723,34.927659
4648402,44201,Potamonautes lirrangensis,1,1,1,Neil Cumberlidge,2017,IUCN Freshwater Biodiversity Unit, , ,1949,,,,,,,Extant (resident),ANIMALIA,ARTHROPODA,MALACOSTRACA,DECAPODA,POTAMONAUTIDAE,Potamonautes,LC,-5.114673,27.697413
4648403,44201,Potamonautes lirrangensis,1,1,1,Neil Cumberlidge,2017,IUCN Freshwater Biodiversity Unit, , ,1955,,,,,,,Extant (resident),ANIMALIA,ARTHROPODA,MALACOSTRACA,DECAPODA,POTAMONAUTIDAE,Potamonautes,LC,-2.9333333,28.2833333
4648404,44201,Potamonautes lirrangensis,1,1,1,Neil Cumberlidge,2017,IUCN Freshwater Biodiversity Unit, , ,1955,,,,,,,Extant (resident),ANIMALIA,ARTHROPODA,MALACOSTRACA,DECAPODA,POTAMONAUTIDAE,Potamonautes,LC,-2.866667,29.033333
4648405,44201,Potamonautes lirrangensis,1,1,1,Neil Cumberlidge,2017,IUCN Freshwater Biodiversity Unit, , ,2014,,,,,,,Extant (resident),ANIMALIA,ARTHROPODA,MALACOSTRACA,DECAPODA,POTAMONAUTIDAE,Potamonautes,LC,-14.072237,34.923966
4648406,44201,Potamonautes lirrangensis,1,1,1,Neil Cumberlidge,2017,IUCN Freshwater Biodiversity Unit, , ,2014,,,,,,,Extant (resident),ANIMALIA,ARTHROPODA,MALACOSTRACA,DECAPODA,POTAMONAUTIDAE,Potamonautes,LC,-14.02290833,34.84305556
4648407,44201,Potamonautes lirrangensis,1,1,1,Neil Cumberlidge,2017,IUCN Freshwater Biodiversity Unit, , ,2016,,,,,,,Extant (resident),ANIMALIA,ARTHROPODA,MALACOSTRACA,DECAPODA,POTAMONAUTIDAE,Potamonautes,LC,-14.02290833,34.84305556
4648408,44201,Potamonautes lirrangensis,1,1,1,Neil Cumberlidge,2017,IUCN Freshwater Biodiversity Unit, , ,2016,,,,,,,Extant (resident),ANIMALIA,ARTHROPODA,MALACOSTRACA,DECAPODA,POTAMONAUTIDAE,Potamonautes,LC,-12.931686,34.281055
4648409,44201,Potamonautes lirrangensis,1,1,1,Neil Cumberlidge,2017,IUCN Freshwater Biodiversity Unit, , ,2016,,,,,,,Extant (resident),ANIMALIA,ARTHROPODA,MALACOSTRACA,DECAPODA,POTAMONAUTIDAE,Potamonautes,LC,-11.611303,34.30105
4648410,44201,Potamonautes lirrangensis,1,1,1,Neil Cumberlidge,2017,IUCN Freshwater Biodiversity Unit, , ,2016,,,,,,,Extant (resident),ANIMALIA,ARTHROPODA,MALACOSTRACA,DECAPODA,POTAMONAUTIDAE,Potamonautes,LC,-11.607696,34.300645
4648411,44201,Potamonautes lirrangensis,1,1,1,Neil Cumberlidge,2017,IUCN Freshwater Biodiversity Unit, , ,2016,,,,,,,Extant (resident),ANIMALIA,ARTHROPODA,MALACOSTRACA,DECAPODA,POTAMONAUTIDAE,Potamonautes,LC,-11.2971,34.8045
4648412,44201,Potamonautes lirrangensis,1,1,1,Neil Cumberlidge,2017,IUCN Freshwater Biodiversity Unit, , ,2016,,,,,,,Extant (resident),ANIMALIA,ARTHROPODA,MALACOSTRACA,DECAPODA,POTAMONAUTIDAE,Potamonautes,LC,-10.4364,34.2449
4648413,44201,Potamonautes lirrangensis,1,1,1,Neil Cumberlidge,2017,IUCN Freshwater Biodiversity Unit, , ,2016,,,,,,,Extant (resident),ANIMALIA,ARTHROPODA,MALACOSTRACA,DECAPODA,POTAMONAUTIDAE,Potamonautes,LC,-10.2334,34.1066
4648414,44201,Potamonautes lirrangensis,1,1,1,Neil Cumberlidge,2017,IUCN Freshwater Biodiversity Unit, , ,2016,,,,,,,Extant (resident),ANIMALIA,ARTHROPODA,MALACOSTRACA,DECAPODA,POTAMONAUTIDAE,Potamonautes,LC,-9.255259,33.644148
4648415,44201,Potamonautes lirrangensis,1,1,1,Neil Cumberlidge,2017,IUCN Freshwater Biodiversity Unit, , ,2016,,,,,,,Extant (resident),ANIMALIA,ARTHROPODA,MALACOSTRACA,DECAPODA,POTAMONAUTIDAE,Potamonautes,LC,-5.2,29.783333
4648416,44201,Potamonautes lirrangensis,1,1,1,Neil Cumberlidge,2017,IUCN Freshwater Biodiversity Unit, , ,2016,,,,,,,Extant (resident),ANIMALIA,ARTHROPODA,MALACOSTRACA,DECAPODA,POTAMONAUTIDAE,Potamonautes,LC,-5.1,30.366667
4648417,44201,Potamonautes lirrangensis,1,1,1,Neil Cumberlidge,2017,IUCN Freshwater Biodiversity Unit, , ,2016,,,,,,,Extant (resident),ANIMALIA,ARTHROPODA,MALACOSTRACA,DECAPODA,POTAMONAUTIDAE,Potamonautes,LC,-4.866667,29.633333
4648418,44201,Potamonautes lirrangensis,1,1,1,Neil Cumberlidge,2017,IUCN Freshwater Biodiversity Unit, , ,2016,,,,,,,Extant (resident),ANIMALIA,ARTHROPODA,MALACOSTRACA,DECAPODA,POTAMONAUTIDAE,Potamonautes,LC,-1.05,17.2
4648419,44201,Potamonautes lirrangensis,1,1,1,Neil Cumberlidge,2017,IUCN Freshwater Biodiversity Unit, , ,2016,,,,,,,Extant (resident),ANIMALIA,ARTHROPODA,MALACOSTRACA,DECAPODA,POTAMONAUTIDAE,Potamonautes,LC,-0.65,17.6
4648420,44201,Potamonautes lirrangensis,1,1,1,Neil Cumberlidge,2017,IUCN Freshwater Biodiversity Unit, , ,2016,,,,,,,Extant (resident),ANIMALIA,ARTHROPODA,MALACOSTRACA,DECAPODA,POTAMONAUTIDAE,Potamonautes,LC,0.5,25.2
